date,time,date_time,roadway,intersection,report_number,address,latitude,longitude
1/4/18,855,1/4/18 8:55,HILLCREST RD,,2018000119,"HILLCREST RD, Greenburgh, NY",41.021352,-73.802
1/4/18,2038,1/4/18 20:38,25 JEAN LN,,2018000146,"25 JEAN LN, Greenburgh, NY",41.0283485973722,-73.8252722672289
1/7/18,1432,1/7/18 14:32,280 SECOR RD,,2018000227,"280 SECOR RD, Greenburgh, NY",41.026762,-73.827426
1/10/18,804,1/10/18 8:04,UNDERHILL RD,,2018000321,"UNDERHILL RD, Greenburgh, NY",41.0017647,-73.8144209
1/10/18,1012,1/10/18 10:12,UNDERHILL RD,,2018000327,"UNDERHILL RD, Greenburgh, NY",41.0017647,-73.8144209
1/11/18,253,1/11/18 2:53,180 PINEWOOD RD,,2018000359,"180 PINEWOOD RD, Greenburgh, NY",41.0292329784565,-73.7961705569091
1/12/18,1900,1/12/18 19:00,W HARTSDALE AV,,2018000436,"W HARTSDALE AV, Greenburgh, NY",41.026784,-73.807664
1/14/18,1414,1/14/18 14:14,385 N CENTRAL AV,,2018000491,"385 N CENTRAL AV, Greenburgh, NY",41.0278497346939,-73.7906218673469
1/14/18,1546,1/14/18 15:46,SEARS AV,,2018000494,"SEARS AV, Greenburgh, NY",41.060737,-73.811623
1/15/18,847,1/15/18 8:47,55 FIELDSTONE DR,,2018000510,"55 FIELDSTONE DR, Greenburgh, NY",41.030844891575,-73.7912479179841
1/15/18,2110,1/15/18 21:10,JACKSON AV,,2018000530,"JACKSON AV, Greenburgh, NY",40.986792,-73.836019
1/17/18,2125,1/17/18 21:25,SPRAIN RD,,2018000598,"SPRAIN RD, Greenburgh, NY",40.995854,-73.841711
1/18/18,1115,1/18/18 11:15,JACKSON AV,,2018000620,"JACKSON AV, Greenburgh, NY",40.986792,-73.836019
1/18/18,1704,1/18/18 17:04,TARRYTOWN RD,188 TARRYTOWN RD,2018000635,"TARRYTOWN RD AND 188 TARRYTOWN RD, Greenburgh, NY",41.0397203,-73.7853708
1/25/18,2335,1/25/18 23:35,38 TAYLOR RD,,2018000845,"38 TAYLOR RD, Greenburgh, NY",41.0737225054057,-73.8038798454663
1/27/18,359,1/27/18 3:59,50 JACKSON AV,,2018000918,"50 JACKSON AV, Greenburgh, NY",40.989149,-73.842621
1/30/18,416,1/30/18 4:16,290 SPRAIN RD,,2018001033,"290 SPRAIN RD, Greenburgh, NY",40.995854,-73.841711
1/31/18,1545,1/31/18 15:45,E HARTSDALE AV,,2018001085,"E HARTSDALE AV, Greenburgh, NY",41.0114855,-73.7961129
2/6/18,1140,2/6/18 11:40,SPRAIN RD,,2018001254,"SPRAIN RD, Greenburgh, NY",40.995854,-73.841711
2/6/18,1525,2/6/18 15:25,SPRAIN RD,,2018001264,"SPRAIN RD, Greenburgh, NY",40.995854,-73.841711
2/10/18,1518,2/10/18 15:18,SALEM RD,,2018001403,"SALEM RD, Greenburgh, NY",41.0693,-73.798295
2/13/18,900,2/13/18 9:00,25 OLD JACKSON AV,,2018001498,"25 OLD JACKSON AV, Greenburgh, NY",40.9889004713185,-73.8476281935918
2/17/18,1858,2/17/18 18:58,FORT HILL RD,,2018001639,"FORT HILL RD, Greenburgh, NY",41.000174,-73.81778
2/17/18,1922,2/17/18 19:22,GRASSLANDS RD,,2018001642,"GRASSLANDS RD, Greenburgh, NY",41.070303,-73.78745
2/19/18,1814,2/19/18 18:14,S CENTRAL AV,,2018001685,"S CENTRAL AV, Greenburgh, NY",41.015,-73.803182
2/19/18,2113,2/19/18 21:13,S CENTRAL AV,,2018001691,"S CENTRAL AV, Greenburgh, NY",41.015,-73.803182
2/24/18,1002,2/24/18 10:02,S CENTRAL AV,,2018001852,"S CENTRAL AV, Greenburgh, NY",41.015,-73.803182
2/24/18,2058,2/24/18 20:58,TARRYTOWN RD,287,2018001874,"TARRYTOWN RD AND 287, Greenburgh, NY",41.0482277862601,-73.8081316342986
2/28/18,1820,2/28/18 18:20,50 E HARTSDALE AV,,2018002005,"50 E HARTSDALE AV, Greenburgh, NY",41.0169691768166,-73.7972408386297
3/1/18,645,3/1/18 6:45,591 HILLSIDE AV,,2018002022,"591 HILLSIDE AV, Greenburgh, NY",41.054641877193,-73.7885950701754
3/2/18,1503,3/2/18 15:03,DALEWOOD DR,,2018002085,"DALEWOOD DR, Greenburgh, NY",41.0279,-73.796925
3/2/18,1630,3/2/18 16:30,DOBBS FERRY RD,,2018002093,"DOBBS FERRY RD, Greenburgh, NY",41.0380371,-73.8182026
3/2/18,1913,3/2/18 19:13,AQUEDUCT RD,,2018002106,"AQUEDUCT RD, Greenburgh, NY",41.0112434,-73.7959369
3/3/18,1434,3/3/18 14:34,FLORENCE AV,,2018002128,"FLORENCE AV, Greenburgh, NY",41.044037,-73.793855
3/5/18,840,3/5/18 8:40,SPRAIN RD,,2018002174,"SPRAIN RD, Greenburgh, NY",40.995854,-73.841711
3/6/18,730,3/6/18 7:30,ARDSLEY RD,,2018002212,"ARDSLEY RD, Greenburgh, NY",40.9904958,-73.8120405
3/7/18,1317,3/7/18 13:17,HIGHRIDGE RD,,2018002271,"HIGHRIDGE RD, Greenburgh, NY",41.008292,-73.85967
3/8/18,1425,3/8/18 14:25,2 BROOKDELL DR,,2018002308,"2 BROOKDELL DR, Greenburgh, NY",41.026959,-73.793982
3/8/18,2015,3/8/18 20:15,TARRYTOWN RD,,2018002314,"TARRYTOWN RD, Greenburgh, NY",41.038218,-73.782072
3/17/18,2130,3/17/18 21:30,189 SEARS AV,,2018002633,"189 SEARS AV, Greenburgh, NY",41.060737,-73.811623
3/20/18,941,3/20/18 9:41,50 TAXTER RD,,2018002729,"50 TAXTER RD, Greenburgh, NY",41.0588744,-73.8281435
3/21/18,1338,3/21/18 13:38,RIDGE RD,,2018002770,"RIDGE RD, Greenburgh, NY",41.007754,-73.848869
3/21/18,1300,3/21/18 13:00,S SPRAIN RD,,2018002772,"S SPRAIN RD, Greenburgh, NY",40.995854,-73.841711
3/21/18,2051,3/21/18 20:51,BENEDICT AV,,2018002783,"BENEDICT AV, Greenburgh, NY",41.0632158,-73.8372502
3/23/18,1625,3/23/18 16:25,FULTON ST,,2018002862,"FULTON ST, Greenburgh, NY",41.033109,-73.787481
3/25/18,1120,3/25/18 11:20,S CENTRAL AV,,2018002903,"S CENTRAL AV, Greenburgh, NY",41.015,-73.803182
3/26/18,2318,3/26/18 23:18,DOBBS FERRY RD,,2018002917,"DOBBS FERRY RD, Greenburgh, NY",41.0380371,-73.8182026
3/29/18,1530,3/29/18 15:30,W HARTSDALE AV,,2018003040,"W HARTSDALE AV, Greenburgh, NY",41.026784,-73.807664
4/2/18,910,4/2/18 9:10,S CENTRAL AV,,2018003148,"S CENTRAL AV, Greenburgh, NY",41.015,-73.803182
4/4/18,1957,4/4/18 19:57,HILLSIDE AV,,2018003235,"HILLSIDE AV, Greenburgh, NY",41.0452952,-73.790382
4/6/18,1445,4/6/18 14:45,HILLSIDE AV,,2018003276,"HILLSIDE AV, Greenburgh, NY",41.0452952,-73.790382
4/19/18,1903,4/19/18 19:03,WAREHOUSE LN,,2018003748,"WAREHOUSE LN, Greenburgh, NY",41.063688,-73.816975
4/21/18,1310,4/21/18 13:10,CLUBWAY,,2018003804,"CLUBWAY, Greenburgh, NY",41.0096996,-73.8005348
4/26/18,1439,4/26/18 14:39,332 W HARTSDALE AV,,2018003982,"332 W HARTSDALE AV, Greenburgh, NY",41.027671406893,-73.8083610415447
4/28/18,2125,4/28/18 21:25,DOBBS FERRY RD,,2018004059,"DOBBS FERRY RD, Greenburgh, NY",41.0380371,-73.8182026
5/3/18,830,5/3/18 8:30,OLD ARMY RD,,2018004201,"OLD ARMY RD, Greenburgh, NY",40.986781,-73.815935
5/5/18,1103,5/5/18 11:03,TARRYTOWN RD,,2018004287,"TARRYTOWN RD, Greenburgh, NY",41.038218,-73.782072
5/7/18,1715,5/7/18 17:15,S CENTRAL AV,,2018004393,"S CENTRAL AV, Greenburgh, NY",41.015,-73.803182
5/8/18,1347,5/8/18 13:47,DOBBS FERRY RD,,2018004431,"DOBBS FERRY RD, Greenburgh, NY",41.0380371,-73.8182026
4/23/18,540,4/23/18 5:40,S MONTGOMERY AV,,2018004444,"S MONTGOMERY AV, Greenburgh, NY",41.06214,-73.806326
5/9/18,1017,5/9/18 10:17,HILLSIDE AV,,2018004459,"HILLSIDE AV, Greenburgh, NY",41.0452952,-73.790382
5/9/18,1920,5/9/18 19:20,BENEDICT AV,,2018004489,"BENEDICT AV, Greenburgh, NY",41.0632158,-73.8372502
5/14/18,1014,5/14/18 10:14,280 N CENTRAL AV,,2018004646,"280 N CENTRAL AV, Greenburgh, NY",41.0272503838119,-73.7910140804178
5/14/18,2033,5/14/18 20:33,GRASSLANDS RD,,2018004677,"GRASSLANDS RD, Greenburgh, NY",41.070303,-73.78745
5/16/18,811,5/16/18 8:11,JACKSON AV,,2018004722,"JACKSON AV, Greenburgh, NY",40.986792,-73.836019
5/17/18,1110,5/17/18 11:10,CENTRAL AV,,2018004761,"CENTRAL AV, Greenburgh, NY",41.0779345,-73.8607943
5/18/18,1834,5/18/18 18:34,E HARTSDALE AV,,2018004809,"E HARTSDALE AV, Greenburgh, NY",41.0114855,-73.7961129
5/20/18,2350,5/20/18 23:50,STADIUM RD,,2018004852,"STADIUM RD, Greenburgh, NY",41.041314,-73.8072059
5/20/18,1045,5/20/18 10:45,E HARTSDALE AV,,2018004858,"E HARTSDALE AV, Greenburgh, NY",41.0114855,-73.7961129
5/20/18,1250,5/20/18 12:50,HARTSDALE RD,HILLCREST AV,2018004864,"HARTSDALE RD AND HILLCREST AV, Greenburgh, NY",41.047281,-73.811872
5/24/18,1620,5/24/18 16:20,FIELDSTONE DR,,2018005015,"FIELDSTONE DR, Greenburgh, NY",41.030709,-73.791198
5/25/18,1315,5/25/18 13:15,SPRING ST,BENEDICT AV,2018005041,"SPRING ST AND BENEDICT AV, Greenburgh, NY",41.063655,-73.837637
5/29/18,1035,5/29/18 10:35,EVANDALE RD,,2018005176,"EVANDALE RD, Greenburgh, NY",41.003488,-73.822113
5/31/18,904,5/31/18 9:04,SAW MILL RIVER RD,,2018005251,"SAW MILL RIVER RD, Greenburgh, NY",41.0115345,-73.8483435
6/1/18,2016,6/1/18 20:16,SPRAIN RD,,2018005323,"SPRAIN RD, Greenburgh, NY",40.995854,-73.841711
6/3/18,1415,6/3/18 14:15,SAW MILL RIVER RD,,2018005378,"SAW MILL RIVER RD, Greenburgh, NY",41.0115345,-73.8483435
6/6/18,1330,6/6/18 13:30,706 S CENTRAL AV,,2018005463,"706 S CENTRAL AV, Greenburgh, NY",41.015,-73.803182
6/8/18,1620,6/8/18 16:20,DOBBS FERRY RD,,2018005545,"DOBBS FERRY RD, Greenburgh, NY",41.0380371,-73.8182026
6/19/18,1339,6/19/18 13:39,MANITOU TRL,,2018005921,"MANITOU TRL, Greenburgh, NY",41.052141,-73.780226
6/29/18,1739,6/29/18 17:39,TARRYTOWN RD,,2018006298,"TARRYTOWN RD, Greenburgh, NY",41.038218,-73.782072
6/30/18,2300,6/30/18 23:00,FLORENCE AV,,2018006317,"FLORENCE AV, Greenburgh, NY",41.044037,-73.793855
6/30/18,2000,6/30/18 20:00,N CENTRAL AV,,2018006339,"N CENTRAL AV, Greenburgh, NY",41.0578264,-73.8169616
7/8/18,1152,7/8/18 11:52,500 TOWN GREEN DR,,2018006430,"500 TOWN GREEN DR, Greenburgh, NY",41.0500011,-73.8303299351695
7/3/18,1720,7/3/18 17:20,CLAYTON RD,MOORLAND DR,2018006455,"CLAYTON RD AND MOORLAND DR, Greenburgh, NY",41.002906,-73.82023
7/9/18,820,7/9/18 8:20,DOBBS FERRY RD,,2018006620,"DOBBS FERRY RD, Greenburgh, NY",41.0380371,-73.8182026
7/10/18,2045,7/10/18 20:45,SAW MILL RIVER RD,,2018006698,"SAW MILL RIVER RD, Greenburgh, NY",41.0115345,-73.8483435
7/13/18,1530,7/13/18 15:30,E HARTSDALE AV,ROCKLEDGE RD,2018006800,"E HARTSDALE AV AND ROCKLEDGE RD, Greenburgh, NY",41.0107609,-73.7965313
7/15/18,5,7/15/18 5:05,OLD FARM LN,,2018006846,"OLD FARM LN, Greenburgh, NY",41.020948,-73.817613
7/21/18,1057,7/21/18 10:57,SAW MILL RIVER RD,,2018007031,"SAW MILL RIVER RD, Greenburgh, NY",41.0115345,-73.8483435
7/22/18,1139,7/22/18 11:39,PALISADE AV,,2018007056,"PALISADE AV, Greenburgh, NY",41.031712,-73.831676
7/24/18,1519,7/24/18 15:19,GRASSLANDS RD,,2018007121,"GRASSLANDS RD, Greenburgh, NY",41.070303,-73.78745
7/25/18,946,7/25/18 9:46,VIRGINIA RD,HILLSIDE AV,2018007146,"VIRGINIA RD AND HILLSIDE AV, Greenburgh, NY",41.0609277,-73.7729742
9/8/18,1205,9/8/18 12:05,TAXTER RD,RT 119,2018008613,"TAXTER RD AND RT 119, Greenburgh, NY",41.0587471,-73.828686
9/26/18,1800,9/26/18 18:00,KNOLLWOOD RD,,2018009177,"KNOLLWOOD RD, Greenburgh, NY",41.0456548,-73.8047319
11/22/18,2226,11/22/18 22:26,SARATOGA RD,,2018011186,"SARATOGA RD, Greenburgh, NY",41.035854,-73.791196
12/8/18,315,12/8/18 3:15,TARRYTOWN RD,,2018011663,"TARRYTOWN RD, Greenburgh, NY",41.038218,-73.782072
2/10/18,1406,2/10/18 14:06,S CENTRAL AV,,2018001399,"S CENTRAL AV, Greenburgh, NY",41.015,-73.803182
3/9/18,1405,3/9/18 14:05,N CENTRAL AV,,2018002339,"N CENTRAL AV, Greenburgh, NY",41.0578264,-73.8169616
3/23/18,1030,3/23/18 10:30,S CENTRAL AV,,2018002840,"S CENTRAL AV, Greenburgh, NY",41.015,-73.803182
4/16/18,1807,4/16/18 18:07,WHITE PLAINS RD,9,2018003628,"WHITE PLAINS RD AND 9, Greenburgh, NY",41.0636999333333,-73.8620654
4/26/18,1236,4/26/18 12:36,KNOLLWOOD RD,,2018003976,"KNOLLWOOD RD, Greenburgh, NY",41.0456548,-73.8047319
4/27/18,1745,4/27/18 17:45,KNOLLWOOD RD,,2018004017,"KNOLLWOOD RD, Greenburgh, NY",41.0456548,-73.8047319
5/6/18,1519,5/6/18 15:19,S CENTRAL AV,,2018004339,"S CENTRAL AV, Greenburgh, NY",41.015,-73.803182
5/16/18,1017,5/16/18 10:17,KNOLLWOOD RD,,2018004725,"KNOLLWOOD RD, Greenburgh, NY",41.0456548,-73.8047319
5/16/18,1634,5/16/18 16:34,EXECUTIVE BLVD,WESTCHESTER PLZ,2018004735,"EXECUTIVE BLVD AND WESTCHESTER PLZ, Greenburgh, NY",41.070134,-73.807413
6/7/18,1726,6/7/18 17:26,TARRYTOWN RD,,2018005514,"TARRYTOWN RD, Greenburgh, NY",41.038218,-73.782072
6/30/18,702,6/30/18 7:02,TARRYTOWN RD,,2018006315,"TARRYTOWN RD, Greenburgh, NY",41.038218,-73.782072
10/9/18,1749,10/9/18 17:49,320 SAW MILL,RIVER RD,2018009610,"320 SAW MILL AND RIVER RD, Greenburgh, NY",41.0702362419355,-73.8168998427419
10/12/18,1639,10/12/18 16:39,188 TARRYTOWN RD,,2018009716,"188 TARRYTOWN RD, Greenburgh, NY",41.0502167222222,-73.8110577222222
6/4/18,1728,6/4/18 17:28,ARDSLEY RD,,2018005402,"ARDSLEY RD, Greenburgh, NY",40.9904958,-73.8120405
12/15/18,1048,12/15/18 10:48,SPRAIN VALLEY RD,,2018011900,"SPRAIN VALLEY RD, Greenburgh, NY",40.993408,-73.834602
10/17/18,2010,10/17/18 20:10,CLEARBROOK RD,,2018009887,"CLEARBROOK RD, Greenburgh, NY",41.072826,-73.814058
10/5/18,1110,10/5/18 11:10,SAW MILL RIVER RD,,2018009460,"SAW MILL RIVER RD, Greenburgh, NY",41.0115345,-73.8483435
10/5/18,1436,10/5/18 14:36,TARRYTOWN RD,,2018009472,"TARRYTOWN RD, Greenburgh, NY",41.038218,-73.782072
9/11/18,815,9/11/18 8:15,SAW MILL RIVER ROAD,,2018008679,"SAW MILL RIVER ROAD, Greenburgh, NY",41.0115345,-73.8483435
11/16/18,1930,11/16/18 19:30,NORTH CENTRAL AVE,,2018010961,"NORTH CENTRAL AVE, Greenburgh, NY",41.0578264,-73.8169616
1/2/18,1656,1/2/18 16:56,45 E HARTSDALE AV,,2018000056,"45 E HARTSDALE AV, Greenburgh, NY",41.0166446727726,-73.7968730674438
1/6/18,825,1/6/18 8:25,111 S CENTRAL AV,,2018000185,"111 S CENTRAL AV, Greenburgh, NY",41.0123246107383,-73.8059369295302
1/6/18,1045,1/6/18 10:45,W HARTSDALE AV,,2018000191,"W HARTSDALE AV, Greenburgh, NY",41.026784,-73.807664
1/10/18,819,1/10/18 8:19,ARDSLEY RD,,2018000322,"ARDSLEY RD, Greenburgh, NY",40.9904958,-73.8120405
1/10/18,945,1/10/18 9:45,W HARTSDALE AV,,2018000326,"W HARTSDALE AV, Greenburgh, NY",41.026784,-73.807664
1/10/18,1642,1/10/18 16:42,HILLSIDE AV,,2018000338,"HILLSIDE AV, Greenburgh, NY",41.0452952,-73.790382
1/18/18,757,1/18/18 7:57,WHITE PLAINS RD,,2018000608,"WHITE PLAINS RD, Greenburgh, NY",41.0594236,-73.8293423
1/18/18,1620,1/18/18 16:20,OLD TARRYTOWN RD,,2018000634,"OLD TARRYTOWN RD, Greenburgh, NY",41.052261,-73.801704
1/20/18,1505,1/20/18 15:05,531 S CENTRAL AV,,2018000703,"531 S CENTRAL AV, Greenburgh, NY",41.0138914840579,-73.8045248757221
1/23/18,1756,1/23/18 17:56,OLD SAW MILL RIVER RD,,2018000805,"OLD SAW MILL RIVER RD, Greenburgh, NY",41.0735826,-73.8176604
1/25/18,840,1/25/18 8:40,E HARTSDALE AV,,2018000853,"E HARTSDALE AV, Greenburgh, NY",41.0114855,-73.7961129
1/26/18,956,1/26/18 9:56,TARRYTOWN RD,,2018000889,"TARRYTOWN RD, Greenburgh, NY",41.038218,-73.782072
1/27/18,1248,1/27/18 12:48,JACKSON AV,,2018000928,"JACKSON AV, Greenburgh, NY",40.986792,-73.836019
1/31/18,1730,1/31/18 17:30,TARRYTOWN RD,,2018001090,"TARRYTOWN RD, Greenburgh, NY",41.038218,-73.782072
2/7/18,1253,2/7/18 12:53,300 W HARTSDALE AV,,2018001292,"300 W HARTSDALE AV, Greenburgh, NY",41.026858,-73.807806
2/7/18,1515,2/7/18 15:15,GLENDALE RD,,2018001296,"GLENDALE RD, Greenburgh, NY",41.002575,-73.824165
2/10/18,946,2/10/18 9:46,ARDSLEY RD,,2018001392,"ARDSLEY RD, Greenburgh, NY",40.9904958,-73.8120405
2/15/18,1900,2/15/18 19:00,TARRYTOWN RD,,2018001563,"TARRYTOWN RD, Greenburgh, NY",41.038218,-73.782072
2/17/18,1926,2/17/18 19:26,SAW MILL RIVER RD,,2018001640,"SAW MILL RIVER RD, Greenburgh, NY",41.0115345,-73.8483435
2/23/18,1137,2/23/18 11:37,W HARTSDALE AV,,2018001811,"W HARTSDALE AV, Greenburgh, NY",41.026784,-73.807664
2/24/18,1810,2/24/18 18:10,E HARTSDALE AC,,2018001866,"E HARTSDALE AC, Greenburgh, NY",41.0189863,-73.7981884
3/6/18,830,3/6/18 8:30,WHITE PLAINS RD,,2018002214,"WHITE PLAINS RD, Greenburgh, NY",41.0594236,-73.8293423
3/6/18,1827,3/6/18 18:27,S CENTRAL AV,,2018002245,"S CENTRAL AV, Greenburgh, NY",41.015,-73.803182
3/8/18,1230,3/8/18 12:30,TARRYTOWN RD,,2018002299,"TARRYTOWN RD, Greenburgh, NY",41.038218,-73.782072
3/10/18,1238,3/10/18 12:38,ARDSLEY RD,,2018002369,"ARDSLEY RD, Greenburgh, NY",40.9904958,-73.8120405
3/11/18,1515,3/11/18 15:15,S CENTRAL AV,,2018002396,"S CENTRAL AV, Greenburgh, NY",41.015,-73.803182
3/12/18,946,3/12/18 9:46,JACKSON AV,,2018002418,"JACKSON AV, Greenburgh, NY",40.986792,-73.836019
3/1/18,1715,3/1/18 17:15,SUNRISE LN,,2018002456,"SUNRISE LN, Greenburgh, NY",40.986175,-73.833596
3/15/18,1101,3/15/18 11:01,300 S CENTRAL AV,,2018002545,"300 S CENTRAL AV, Greenburgh, NY",41.012695,-73.805538
3/17/18,2102,3/17/18 21:02,JACKSON AV,,2018002630,"JACKSON AV, Greenburgh, NY",40.986792,-73.836019
3/24/18,1759,3/24/18 17:59,114 S CENTRAL AV,,2018002886,"114 S CENTRAL AV, Greenburgh, NY",41.0123304899329,-73.8059305973154
3/26/18,1410,3/26/18 14:10,381 KNOLLWOOD RD,,2018002930,"381 KNOLLWOOD RD, Greenburgh, NY",41.0557465444889,-73.8054917356431
3/26/18,1551,3/26/18 15:51,DOBBS FERRY RD,,2018002935,"DOBBS FERRY RD, Greenburgh, NY",41.0380371,-73.8182026
3/29/18,920,3/29/18 9:20,TARRYTOWN,49 TARRYTOWN RD,2018003026,"TARRYTOWN AND 49 TARRYTOWN RD, Greenburgh, NY",41.0453336122449,-73.8038698979592
4/6/18,1215,4/6/18 12:15,TARRYTOWN RD,,2018003273,"TARRYTOWN RD, Greenburgh, NY",41.038218,-73.782072
4/8/18,1208,4/8/18 12:08,N CENTRAL AV,,2018003332,"N CENTRAL AV, Greenburgh, NY",41.0578264,-73.8169616
4/11/18,1813,4/11/18 18:13,E HARTSDALE AV,,2018003453,"E HARTSDALE AV, Greenburgh, NY",41.0114855,-73.7961129
4/12/18,1740,4/12/18 17:40,JACKSON AV,,2018003485,"JACKSON AV, Greenburgh, NY",40.986792,-73.836019
4/14/18,1230,4/14/18 12:30,652 ARDSLEY RD,,2018003536,"652 ARDSLEY RD, Greenburgh, NY",40.9889712,-73.8106127
4/15/18,1418,4/15/18 14:18,W HARTSDALE AV,,2018003580,"W HARTSDALE AV, Greenburgh, NY",41.026784,-73.807664
4/19/18,844,4/19/18 8:44,DRIVEWAY,,2018003719,"DRIVEWAY, Greenburgh, NY",41.069007,-73.845413
4/20/18,946,4/20/18 9:46,S CENTRAL AV,,2018003764,"S CENTRAL AV, Greenburgh, NY",41.015,-73.803182
4/26/18,752,4/26/18 7:52,383 GRASSLANDS RD,,2018003966,"383 GRASSLANDS RD, Greenburgh, NY",41.0719893631715,-73.7962272178584
4/29/18,1521,4/29/18 15:21,W HARTSDALE AV,,2018004075,"W HARTSDALE AV, Greenburgh, NY",41.026784,-73.807664
5/1/18,1748,5/1/18 17:48,N CENTRAL AV,,2018004147,"N CENTRAL AV, Greenburgh, NY",41.0578264,-73.8169616
5/2/18,800,5/2/18 8:00,SAW MILL RIVER RD,,2018004161,"SAW MILL RIVER RD, Greenburgh, NY",41.0115345,-73.8483435
5/2/18,1552,5/2/18 15:52,221 N CENTRAL AV,,2018004178,"221 N CENTRAL AV, Greenburgh, NY",41.0264626807795,-73.7914097608839
5/4/18,847,5/4/18 8:47,WHITE PLAINS RD,,2018004246,"WHITE PLAINS RD, Greenburgh, NY",41.0594236,-73.8293423
5/8/18,922,5/8/18 9:22,SPRAIN RD,,2018004419,"SPRAIN RD, Greenburgh, NY",40.995854,-73.841711
5/10/18,1745,5/10/18 17:45,TARRYTOWN RD,287,2018004525,"TARRYTOWN RD AND 287, Greenburgh, NY",41.0482277862601,-73.8081316342986
5/10/18,2134,5/10/18 21:34,TARRYTOWN RD,HILLSIDE AV,2018004529,"TARRYTOWN RD AND HILLSIDE AV, Greenburgh, NY",41.0495361,-73.8099285
5/11/18,1506,5/11/18 15:06,TARRYTOWN RD,,2018004553,"TARRYTOWN RD, Greenburgh, NY",41.038218,-73.782072
5/15/18,1425,5/15/18 14:25,ARDSLEY RD,,2018004702,"ARDSLEY RD, Greenburgh, NY",40.9904958,-73.8120405
5/17/18,1501,5/17/18 15:01,KNOLLWOOD RD,,2018004770,"KNOLLWOOD RD, Greenburgh, NY",41.0456548,-73.8047319
5/17/18,1528,5/17/18 15:28,E HARTSDALE AV,ROCKLEDGE RD,2018004772,"E HARTSDALE AV AND ROCKLEDGE RD, Greenburgh, NY",41.0107609,-73.7965313
5/17/18,1642,5/17/18 16:42,TARRYTOWN RD,,2018004776,"TARRYTOWN RD, Greenburgh, NY",41.038218,-73.782072
5/19/18,1400,5/19/18 14:00,ARDSLEY RD,,2018004835,"ARDSLEY RD, Greenburgh, NY",40.9904958,-73.8120405
5/19/18,1525,5/19/18 15:25,TARRYTOWN RD,,2018004836,"TARRYTOWN RD, Greenburgh, NY",41.038218,-73.782072
5/19/18,1737,5/19/18 17:37,N CENTRAL AV,,2018004840,"N CENTRAL AV, Greenburgh, NY",41.0578264,-73.8169616
5/21/18,1756,5/21/18 17:56,SAW MILL RIVER RD,,2018004910,"SAW MILL RIVER RD, Greenburgh, NY",41.0115345,-73.8483435
5/23/18,850,5/23/18 8:50,BELLWOOD RD,,2018004958,"BELLWOOD RD, Greenburgh, NY",41.066234,-73.79629
5/24/18,1559,5/24/18 15:59,GRASSLANDS RD,,2018005014,"GRASSLANDS RD, Greenburgh, NY",41.070303,-73.78745
5/27/18,1716,5/27/18 17:16,TARRYTOWN RD,,2018005120,"TARRYTOWN RD, Greenburgh, NY",41.038218,-73.782072
5/30/18,722,5/30/18 7:22,OAK RIDGE RD,,2018005210,"OAK RIDGE RD, Greenburgh, NY",41.007754,-73.848869
6/1/18,737,6/1/18 7:37,OLD SAW MILL RIVER RD,,2018005291,"OLD SAW MILL RIVER RD, Greenburgh, NY",41.0735826,-73.8176604
6/1/18,1226,6/1/18 12:26,ARDSLEY RD,,2018005305,"ARDSLEY RD, Greenburgh, NY",40.9904958,-73.8120405
6/2/18,1952,6/2/18 19:52,N CENTRAL AV,,2018005358,"N CENTRAL AV, Greenburgh, NY",41.0578264,-73.8169616
6/10/18,1423,6/10/18 14:23,E HARTSDALE,,2018005609,"E HARTSDALE, Greenburgh, NY",41.0189863,-73.7981884
6/12/18,800,6/12/18 8:00,CONCORD AV,,2018005675,"CONCORD AV, Greenburgh, NY",41.02746,-73.786791
6/12/18,1709,6/12/18 17:09,ARDSLEY RD,,2018005686,"ARDSLEY RD, Greenburgh, NY",40.9904958,-73.8120405
6/13/18,1205,6/13/18 12:05,JACKSON AV,,2018005708,"JACKSON AV, Greenburgh, NY",40.986792,-73.836019
6/15/18,2010,6/15/18 20:10,DRISLER AV,,2018005795,"DRISLER AV, Greenburgh, NY",41.03701,-73.833998
6/16/18,1400,6/16/18 14:00,ARDSLEY RD,,2018005811,"ARDSLEY RD, Greenburgh, NY",40.9904958,-73.8120405
6/16/18,2105,6/16/18 21:05,TARRYTOWN RD,,2018005826,"TARRYTOWN RD, Greenburgh, NY",41.038218,-73.782072
6/16/18,1550,6/16/18 15:50,KNOLLWOOD RD,,2018005847,"KNOLLWOOD RD, Greenburgh, NY",41.0456548,-73.8047319
6/18/18,733,6/18/18 7:33,KNOLLWOOD RD,,2018005869,"KNOLLWOOD RD, Greenburgh, NY",41.0456548,-73.8047319
6/18/18,1730,6/18/18 17:30,E HARTSDALE AV,,2018005899,"E HARTSDALE AV, Greenburgh, NY",41.0114855,-73.7961129
6/20/18,1250,6/20/18 12:50,S CENTRAL AV,,2018005956,"S CENTRAL AV, Greenburgh, NY",41.015,-73.803182
6/21/18,704,6/21/18 7:04,DOBBS FERRY RD,,2018005975,"DOBBS FERRY RD, Greenburgh, NY",41.0380371,-73.8182026
6/21/18,1725,6/21/18 17:25,KNOLLWOOD RD,I-287,2018005997,"KNOLLWOOD RD AND I-287, Greenburgh, NY",41.058608,-73.805752
6/23/18,1043,6/23/18 10:43,JACKSON AV,,2018006053,"JACKSON AV, Greenburgh, NY",40.986792,-73.836019
6/23/18,1540,6/23/18 15:40,CENTRAL AV,,2018006063,"CENTRAL AV, Greenburgh, NY",41.0779345,-73.8607943
6/23/18,1820,6/23/18 18:20,S CENTRAL AV,,2018006068,"S CENTRAL AV, Greenburgh, NY",41.015,-73.803182
7/10/18,1159,7/10/18 11:59,BENEDICT AV,,2018006672,"BENEDICT AV, Greenburgh, NY",41.0632158,-73.8372502
7/12/18,1109,7/12/18 11:09,HILLSIDE AV,NORTH RD,2018006753,"HILLSIDE AV AND NORTH RD, Greenburgh, NY",41.0452952,-73.790382
7/15/18,1839,7/15/18 18:39,S CENTRAL AV,,2018006852,"S CENTRAL AV, Greenburgh, NY",41.015,-73.803182
7/20/18,815,7/20/18 8:15,W HARTSDALE AV,,2018007003,"W HARTSDALE AV, Greenburgh, NY",41.026784,-73.807664
7/26/18,1530,7/26/18 15:30,E HARTSDALE AV,,2018007211,"E HARTSDALE AV, Greenburgh, NY",41.0114855,-73.7961129
8/6/18,1028,8/6/18 10:28,E. HARTSDALE AVE,,2018007532,"E. HARTSDALE AVE, Greenburgh, NY",41.0114855,-73.7961129
11/1/18,847,11/1/18 8:47,50 TARRYTOWN RD,,2018010413,"50 TARRYTOWN RD, Greenburgh, NY",41.045335,-73.803868
12/6/18,1115,12/6/18 11:15,CENTRAL PK AV,,2018011601,"CENTRAL PK AV, Greenburgh, NY",41.007948,-73.809802
10/3/18,1922,10/3/18 19:22,W HARTSDALE AV,,2018009407,"W HARTSDALE AV, Greenburgh, NY",41.026784,-73.807664
9/26/18,1321,9/26/18 13:21,MT JOY AVE,,2018009168,"MT JOY AVE, Greenburgh, NY",40.996192,-73.815986
10/15/18,830,10/15/18 8:30,516 TARRYTOWN RD.,,2018009787,"516 TARRYTOWN RD., Greenburgh, NY",41.0449197214765,-73.8041218557047
8/10/18,1110,8/10/18 11:10,TARRYTOWN RD,I 287,2018007669,"TARRYTOWN RD AND I 287, Greenburgh, NY",41.045267,-73.803961
11/19/18,1529,11/19/18 15:29,TARRYTOWN RD,,2018011069,"TARRYTOWN RD, Greenburgh, NY",41.038218,-73.782072
10/3/18,1115,10/3/18 11:15,S. CENTRAL AVE,,2018009381,"S. CENTRAL AVE, Greenburgh, NY",41.015,-73.803182
8/31/18,1218,8/31/18 12:18,1169 KNOLLWOOD RD,,2018008362,"1169 KNOLLWOOD RD, Greenburgh, NY",41.0710666761481,-73.7995458569286
10/5/18,1359,10/5/18 13:59,SAW MILL RIVER RD,,2018009468,"SAW MILL RIVER RD, Greenburgh, NY",41.0115345,-73.8483435
10/14/18,1210,10/14/18 12:10,SPRAIN RD,ARDSLEY RD,2018009766,"SPRAIN RD AND ARDSLEY RD, Greenburgh, NY",40.995854,-73.841711
8/15/18,1700,8/15/18 17:00,81 KNOLLWOOD RD,,2018007834,"81 KNOLLWOOD RD, Greenburgh, NY",41.0487460769231,-73.8027562692308
12/28/18,1523,12/28/18 15:23,S CENTRAL AVE,,2018012314,"S CENTRAL AVE, Greenburgh, NY",41.015,-73.803182
9/11/18,1259,9/11/18 12:59,KNOLLWOOD RD,,2018008686,"KNOLLWOOD RD, Greenburgh, NY",41.0456548,-73.8047319
10/9/18,642,10/9/18 6:42,JACKSON AVE,,2018009585,"JACKSON AVE, Greenburgh, NY",40.986792,-73.836019
10/18/18,1420,10/18/18 14:20,S CENTRAL AVE,,2018009911,"S CENTRAL AVE, Greenburgh, NY",41.015,-73.803182
10/30/18,1755,10/30/18 17:55,SPRAIN RD,ARDSLEY RD,2018010377,"SPRAIN RD AND ARDSLEY RD, Greenburgh, NY",40.995854,-73.841711
11/15/18,1530,11/15/18 15:30,CENTRAL AVE,,2018010897,"CENTRAL AVE, Greenburgh, NY",41.0779345,-73.8607943
11/19/18,734,11/19/18 7:34,SAW MILL RIVER RD,,2018011042,"SAW MILL RIVER RD, Greenburgh, NY",41.0115345,-73.8483435
11/20/18,2229,11/20/18 22:29,CONCORD AV,,2018011119,"CONCORD AV, Greenburgh, NY",41.02746,-73.786791
12/2/18,1610,12/2/18 16:10,26 S. CENTRAL AVE,,2018011488,"26 S. CENTRAL AVE, Greenburgh, NY",41.0774807142857,-73.8590502857143
9/4/18,1247,9/4/18 12:47,ARDSLEY RD,,2018008488,"ARDSLEY RD, Greenburgh, NY",40.9904958,-73.8120405
9/5/18,1900,9/5/18 19:00,CENTRAL AVE,,2018008525,"CENTRAL AVE, Greenburgh, NY",41.0779345,-73.8607943
9/15/18,1630,9/15/18 16:30,SAW MILL RIVER RD,,2018008800,"SAW MILL RIVER RD, Greenburgh, NY",41.0115345,-73.8483435
9/22/18,1605,9/22/18 16:05,CENTRAL AV,,2018009027,"CENTRAL AV, Greenburgh, NY",41.0779345,-73.8607943
12/4/18,855,12/4/18 8:55,ARDSLEY RD,CENTRAL AVE,2018011531,"ARDSLEY RD AND CENTRAL AVE, Greenburgh, NY",40.9889712,-73.8106127
12/18/18,1120,12/18/18 11:20,ARDSLEY RD,,2018011987,"ARDSLEY RD, Greenburgh, NY",40.9904958,-73.8120405
12/23/18,1517,12/23/18 15:17,S CENTRAL AVE,,2018012168,"S CENTRAL AVE, Greenburgh, NY",41.015,-73.803182
12/31/18,1820,12/31/18 18:20,CENTRAL AVE,,2018012391,"CENTRAL AVE, Greenburgh, NY",41.0779345,-73.8607943
8/13/18,1235,8/13/18 12:35,TARRYTOWN RD,,2018007767,"TARRYTOWN RD, Greenburgh, NY",41.038218,-73.782072
9/8/18,1353,9/8/18 13:53,SAW MILL RIVER RD,,2018008616,"SAW MILL RIVER RD, Greenburgh, NY",41.0115345,-73.8483435
9/12/18,2011,9/12/18 20:11,SAW MILL RIVER RD,,2018008717,"SAW MILL RIVER RD, Greenburgh, NY",41.0115345,-73.8483435
9/14/18,744,9/14/18 7:44,JACKSON AVE,,2018008755,"JACKSON AVE, Greenburgh, NY",40.986792,-73.836019
9/28/18,849,9/28/18 8:49,GRASSLANDS RD,,2018009219,"GRASSLANDS RD, Greenburgh, NY",41.070303,-73.78745
9/30/18,2000,9/30/18 20:00,44 ROSEMONT BLVD,,2018009312,"44 ROSEMONT BLVD, Greenburgh, NY",41.043555,-73.792952
10/1/18,1851,10/1/18 18:51,OLD TARRYTOWN RD,HILLSIDE AVE,2018009328,"OLD TARRYTOWN RD AND HILLSIDE AVE, Greenburgh, NY",41.052261,-73.801704
10/2/18,1210,10/2/18 12:10,SAW MILL RIVER RD,,2018009354,"SAW MILL RIVER RD, Greenburgh, NY",41.0115345,-73.8483435
10/16/18,1057,10/16/18 10:57,OLD TARRYTOWN RD,HILLSIDE AVE,2018009828,"OLD TARRYTOWN RD AND HILLSIDE AVE, Greenburgh, NY",41.052261,-73.801704
10/18/18,1722,10/18/18 17:22,TAXTER RD,,2018009924,"TAXTER RD, Greenburgh, NY",41.0587471,-73.828686
10/25/18,728,10/25/18 7:28,DOBBS FERRY RD,,2018010174,"DOBBS FERRY RD, Greenburgh, NY",41.0380371,-73.8182026
11/6/18,759,11/6/18 7:59,DOBBS FERRY RD,,2018010574,"DOBBS FERRY RD, Greenburgh, NY",41.0380371,-73.8182026
8/22/18,1249,8/22/18 12:49,1 WAREHOUSE LN,,2018008041,"1 WAREHOUSE LN, Greenburgh, NY",41.063585,-73.818851
9/16/18,1042,9/16/18 10:42,E HARTSDALE AVE,,2018008820,"E HARTSDALE AVE, Greenburgh, NY",41.0114855,-73.7961129
10/18/18,1808,10/18/18 18:08,DOBBS FERRY RD,,2018009925,"DOBBS FERRY RD, Greenburgh, NY",41.0380371,-73.8182026
12/14/18,1559,12/14/18 15:59,SAW MILL RIVER RD,,2018011877,"SAW MILL RIVER RD, Greenburgh, NY",41.0115345,-73.8483435
12/18/18,1106,12/18/18 11:06,SAW MILL RIVER RD,,2018011988,"SAW MILL RIVER RD, Greenburgh, NY",41.0115345,-73.8483435
12/31/18,2008,12/31/18 20:08,GRASSLANDS RD,,2018012396,"GRASSLANDS RD, Greenburgh, NY",41.070303,-73.78745
8/3/18,1821,8/3/18 18:21,TARRYTOWN RD,,2018007473,"TARRYTOWN RD, Greenburgh, NY",41.038218,-73.782072
8/24/18,1856,8/24/18 18:56,525 TARRYTOWN RD,,2018008126,"525 TARRYTOWN RD, Greenburgh, NY",41.0449287516779,-73.8041344496644
10/3/18,1856,10/3/18 18:56,HILLSIDE AVE,,2018009403,"HILLSIDE AVE, Greenburgh, NY",41.0452952,-73.790382
10/9/18,1509,10/9/18 15:09,S CENTRAL AVE,,2018009604,"S CENTRAL AVE, Greenburgh, NY",41.015,-73.803182
11/23/18,1534,11/23/18 15:34,JACKSON AVE,,2018011205,"JACKSON AVE, Greenburgh, NY",40.986792,-73.836019
10/6/18,1830,10/6/18 18:30,SPRAIN RD,,2018009514,"SPRAIN RD, Greenburgh, NY",40.995854,-73.841711
11/6/18,1442,11/6/18 14:42,WHITE PLAINS RD,,2018010594,"WHITE PLAINS RD, Greenburgh, NY",41.0594236,-73.8293423
11/21/18,803,11/21/18 8:03,TARRYTOWN RD,,2018011123,"TARRYTOWN RD, Greenburgh, NY",41.038218,-73.782072
11/29/18,1811,11/29/18 18:11,TARRYTOWN RD,,2018011411,"TARRYTOWN RD, Greenburgh, NY",41.038218,-73.782072
12/17/18,1155,12/17/18 11:55,KNOLLWOOD RD,,2018011957,"KNOLLWOOD RD, Greenburgh, NY",41.0456548,-73.8047319
12/22/18,1640,12/22/18 16:40,TARRYTOWN RD,,2018012144,"TARRYTOWN RD, Greenburgh, NY",41.038218,-73.782072
9/4/18,1401,9/4/18 14:01,TARRYTOWN RD,,2018008490,"TARRYTOWN RD, Greenburgh, NY",41.038218,-73.782072
10/3/18,901,10/3/18 9:01,DOBBS FERRY RD,,2018009374,"DOBBS FERRY RD, Greenburgh, NY",41.0380371,-73.8182026
10/26/18,1100,10/26/18 11:00,SPRAIN ROAD,,20180010232,"SPRAIN ROAD, Greenburgh, NY",40.9788487,-73.856675
11/24/18,1445,11/24/18 14:45,AQUEDUCT ROAD,,2018011235,"AQUEDUCT ROAD, Greenburgh, NY",41.0112434,-73.7959369
12/6/18,1645,12/6/18 16:45,E HARTSDALE AVE,ROCKLEDGE RD,2018011610,"E HARTSDALE AVE AND ROCKLEDGE RD, Greenburgh, NY",41.0107609,-73.7965313
12/7/18,1909,12/7/18 19:09,S CENTRAL AVE,,2018011644,"S CENTRAL AVE, Greenburgh, NY",41.015,-73.803182
8/7/18,2230,8/7/18 22:30,E HARTSDALE AVE,,20187584,"E HARTSDALE AVE, Greenburgh, NY",41.0114855,-73.7961129
9/11/18,1528,9/11/18 15:28,N CENTRAL AVE,,2018008690,"N CENTRAL AVE, Greenburgh, NY",41.0578264,-73.8169616
9/27/18,1511,9/27/18 15:11,79 HILLCREST RD,,2018009196,"79 HILLCREST RD, Greenburgh, NY",41.021352,-73.802
12/10/18,1328,12/10/18 13:28,50 E HARTSDALE AVE,,2018011740,"50 E HARTSDALE AVE, Greenburgh, NY",41.0169691768166,-73.7972408386297
9/18/18,2250,9/18/18 22:50,TARRYTOWN RD,,2018008905,"TARRYTOWN RD, Greenburgh, NY",41.038218,-73.782072
8/24/18,1856,8/24/18 18:56,525 TARRYTOWN RD,,2018008126,"525 TARRYTOWN RD, Greenburgh, NY",41.0449287516779,-73.8041344496644
10/22/18,1443,10/22/18 14:43,DOBBS FERRY RD,,2018010187,"DOBBS FERRY RD, Greenburgh, NY",41.0380371,-73.8182026
11/15/18,500,11/15/18 5:00,SPRAIN VALLEY RD,,2018010949,"SPRAIN VALLEY RD, Greenburgh, NY",40.993408,-73.834602
9/11/18,1528,9/11/18 15:28,N CENTRAL AVE,,2018008690,"N CENTRAL AVE, Greenburgh, NY",41.0578264,-73.8169616
1/3/18,1750,1/3/18 17:50,TARRYTOWN RD,,2018000096,"TARRYTOWN RD, Greenburgh, NY",41.038218,-73.782072
1/5/18,1039,1/5/18 10:39,150 E HARTSDALE AV,,2018000157,"150 E HARTSDALE AV, Greenburgh, NY",41.0133121869858,-73.7965480916223
1/5/18,1645,1/5/18 16:45,SAW MILL RIVER RD,,2018000169,"SAW MILL RIVER RD, Greenburgh, NY",41.0115345,-73.8483435
1/6/18,1415,1/6/18 14:15,S CENTRAL AV,,2018000202,"S CENTRAL AV, Greenburgh, NY",41.015,-73.803182
1/9/18,900,1/9/18 9:00,SAW MILL RIVER RD,,2018000281,"SAW MILL RIVER RD, Greenburgh, NY",41.0115345,-73.8483435
1/11/18,1812,1/11/18 18:12,KENT RD,,2018000393,"KENT RD, Greenburgh, NY",41.0452464,-73.7777149
2/6/18,825,2/6/18 8:25,SAW MILL RIVER RD,,2018001248,"SAW MILL RIVER RD, Greenburgh, NY",41.0115345,-73.8483435
2/13/18,1229,2/13/18 12:29,ARDSLEY RD,,2018001468,"ARDSLEY RD, Greenburgh, NY",40.9904958,-73.8120405
2/14/18,1218,2/14/18 12:18,N CENTRAL AV,,2018001517,"N CENTRAL AV, Greenburgh, NY",41.0578264,-73.8169616
2/23/18,1816,2/23/18 18:16,TARRYTOWN RD,,2018001834,"TARRYTOWN RD, Greenburgh, NY",41.038218,-73.782072
2/25/18,826,2/25/18 8:26,S CENTRAL AV,,2018001880,"S CENTRAL AV, Greenburgh, NY",41.015,-73.803182
2/26/18,815,2/26/18 8:15,41 ROCKLEDGE RD,,2018001909,"41 ROCKLEDGE RD, Greenburgh, NY",41.0146027419355,-73.7960358387097
2/27/18,1240,2/27/18 12:40,S CENTRAL AV,,2018001951,"S CENTRAL AV, Greenburgh, NY",41.015,-73.803182
3/6/18,1620,3/6/18 16:20,KNOLLWOOD RD,,2018002238,"KNOLLWOOD RD, Greenburgh, NY",41.0456548,-73.8047319
3/11/18,1024,3/11/18 10:24,W HARTSDALE RD,,2018002388,"W HARTSDALE RD, Greenburgh, NY",41.037835,-73.810686
3/17/18,1132,3/17/18 11:32,S CENTRAL AV,,2018002616,"S CENTRAL AV, Greenburgh, NY",41.015,-73.803182
3/18/18,1920,3/18/18 19:20,S CENTRAL AV,,2018002670,"S CENTRAL AV, Greenburgh, NY",41.015,-73.803182
3/19/18,829,3/19/18 8:29,S CENTRAL AV,,2018002683,"S CENTRAL AV, Greenburgh, NY",41.015,-73.803182
3/19/18,1322,3/19/18 13:22,156 S CENTRAL AV,,2018002693,"156 S CENTRAL AV, Greenburgh, NY",41.0124127986577,-73.8058419463087
3/23/18,1640,3/23/18 16:40,TARRYTOWN RD,287,2018002861,"TARRYTOWN RD AND 287, Greenburgh, NY",41.0482277862601,-73.8081316342986
3/26/18,948,3/26/18 9:48,KNOLLWOOD RD,I-287,2018002921,"KNOLLWOOD RD AND I-287, Greenburgh, NY",41.058608,-73.805752
3/28/18,1810,3/28/18 18:10,JACKSON AV,,2018003002,"JACKSON AV, Greenburgh, NY",40.986792,-73.836019
3/31/18,1859,3/31/18 18:59,S CENTRAL AV,,2018003113,"S CENTRAL AV, Greenburgh, NY",41.015,-73.803182
4/4/18,910,4/4/18 9:10,S CENTRAL AV,,2018003213,"S CENTRAL AV, Greenburgh, NY",41.015,-73.803182
4/6/18,2104,4/6/18 21:04,TARRYTOWN RD,HILLSIDE AV,2018003290,"TARRYTOWN RD AND HILLSIDE AV, Greenburgh, NY",41.0495361,-73.8099285
4/7/18,1505,4/7/18 15:05,S CENTRAL AV,,2018003310,"S CENTRAL AV, Greenburgh, NY",41.015,-73.803182
4/11/18,942,4/11/18 9:42,TARRYTOWN RD,,2018003434,"TARRYTOWN RD, Greenburgh, NY",41.038218,-73.782072
4/12/18,807,4/12/18 8:07,S CENTRAL AV,,2018003466,"S CENTRAL AV, Greenburgh, NY",41.015,-73.803182
4/15/18,1252,4/15/18 12:52,677 HILLSIDE AV,,2018003574,"677 HILLSIDE AV, Greenburgh, NY",41.0592895723248,-73.7838653623197
4/15/18,1301,4/15/18 13:01,677 HILLSIDE AV,,2018003577,"677 HILLSIDE AV, Greenburgh, NY",41.0592895723248,-73.7838653623197
4/17/18,805,4/17/18 8:05,,,2018003649,,34.220389,70.3800314
4/17/18,1200,4/17/18 12:00,TARRYTOWN RD,45 TARRYTOWN RD,2018003656,"TARRYTOWN RD AND 45 TARRYTOWN RD, Greenburgh, NY",41.0397203,-73.7853708
4/19/18,830,4/19/18 8:30,SAW MILL RIVER RD,,2018003717,"SAW MILL RIVER RD, Greenburgh, NY",41.0115345,-73.8483435
4/20/18,1251,4/20/18 12:51,KNOLLWOOD RD,,2018003772,"KNOLLWOOD RD, Greenburgh, NY",41.0456548,-73.8047319
4/20/18,1733,4/20/18 17:33,TARRYTOWN RD,,2018003782,"TARRYTOWN RD, Greenburgh, NY",41.038218,-73.782072
4/25/18,952,4/25/18 9:52,HILLSIDE AV,,2018003933,"HILLSIDE AV, Greenburgh, NY",41.0452952,-73.790382
5/2/18,930,5/2/18 9:30,S CENTRAL AV,,2018004165,"S CENTRAL AV, Greenburgh, NY",41.015,-73.803182
5/2/18,1245,5/2/18 12:45,SAW MILL RIVER RD,,2018004171,"SAW MILL RIVER RD, Greenburgh, NY",41.0115345,-73.8483435
5/3/18,840,5/3/18 8:40,TARRYTOWN RD,,2018004203,"TARRYTOWN RD, Greenburgh, NY",41.038218,-73.782072
5/3/18,1800,5/3/18 18:00,KEATS AV,,2018004230,"KEATS AV, Greenburgh, NY",41.030547,-73.817575
5/10/18,1710,5/10/18 17:10,1000 S CENTRAL AV,,2018004523,"1000 S CENTRAL AV, Greenburgh, NY",41.015,-73.803182
5/12/18,1815,5/12/18 18:15,TARRYTOWN RD,287,2018004587,"TARRYTOWN RD AND 287, Greenburgh, NY",41.0482277862601,-73.8081316342986
5/12/18,2020,5/12/18 20:20,TARRYTOWN RD,,2018004592,"TARRYTOWN RD, Greenburgh, NY",41.038218,-73.782072
5/14/18,1651,5/14/18 16:51,15 WASHINGTON PL,,2018004663,"15 WASHINGTON PL, Greenburgh, NY",41.0634951428571,-73.865642
5/17/18,1734,5/17/18 17:34,239 TARRYTOWN RD,,2018004779,"239 TARRYTOWN RD, Greenburgh, NY",41.0490733848593,-73.8091966554891
5/25/18,1044,5/25/18 10:44,E HARTSDALE AV,,2018005033,"E HARTSDALE AV, Greenburgh, NY",41.0114855,-73.7961129
6/1/18,834,6/1/18 8:34,W HARTSDALE AV,,2018005295,"W HARTSDALE AV, Greenburgh, NY",41.026784,-73.807664
6/2/18,1210,6/2/18 12:10,CENTRAL AV,,2018005340,"CENTRAL AV, Greenburgh, NY",41.0779345,-73.8607943
6/5/18,1108,6/5/18 11:08,S CENTRAL AV,,2018005420,"S CENTRAL AV, Greenburgh, NY",41.015,-73.803182
6/6/18,1400,6/6/18 14:00,HAYES ST,,2018005470,"HAYES ST, Greenburgh, NY",41.0604,-73.817688
6/7/18,937,6/7/18 9:37,TARRYTOWN RD,,2018005502,"TARRYTOWN RD, Greenburgh, NY",41.038218,-73.782072
6/11/18,1510,6/11/18 15:10,E HARTSDALE AV,,2018005646,"E HARTSDALE AV, Greenburgh, NY",41.0114855,-73.7961129
6/14/18,1747,6/14/18 17:47,TARRYTOWN RD,287,2018005755,"TARRYTOWN RD AND 287, Greenburgh, NY",41.0482277862601,-73.8081316342986
6/19/18,1702,6/19/18 17:02,LAKEVIEW AV,,2018005930,"LAKEVIEW AV, Greenburgh, NY",41.009559,-73.845976
6/22/18,2050,6/22/18 20:50,TARRYTOWN RD,287,2018006042,"TARRYTOWN RD AND 287, Greenburgh, NY",41.0482277862601,-73.8081316342986
6/28/18,1751,6/28/18 17:51,E HARTSDALE AV,ROCKLEDGE RD,2018006259,"E HARTSDALE AV AND ROCKLEDGE RD, Greenburgh, NY",41.0107609,-73.7965313
6/29/18,1545,6/29/18 15:45,JACKSON AV,,2018006295,"JACKSON AV, Greenburgh, NY",40.986792,-73.836019
7/2/18,1345,7/2/18 13:45,WINNETOU RD,,2018006389,"WINNETOU RD, Greenburgh, NY",41.05068,-73.7829
7/2/18,1548,7/2/18 15:48,VIRGINIA RD,,2018006398,"VIRGINIA RD, Greenburgh, NY",41.0609277,-73.7729742
7/7/18,1542,7/7/18 15:42,DOBBS FERRY RD,,2018006578,"DOBBS FERRY RD, Greenburgh, NY",41.0380371,-73.8182026
7/13/18,1230,7/13/18 12:30,S CENTRAL AV,,2018006796,"S CENTRAL AV, Greenburgh, NY",41.015,-73.803182
7/25/18,1125,7/25/18 11:25,SAW MILL RIVER RD,,2018007151,"SAW MILL RIVER RD, Greenburgh, NY",41.0115345,-73.8483435
10/16/18,814,10/16/18 8:14,JACKSON AVE,,2018009822,"JACKSON AVE, Greenburgh, NY",40.986792,-73.836019
11/19/18,1355,11/19/18 13:55,TARRYTOWN RD,,2018011064,"TARRYTOWN RD, Greenburgh, NY",41.038218,-73.782072
11/21/18,1833,11/21/18 18:33,TARRYTOWN RD,,2018011149,"TARRYTOWN RD, Greenburgh, NY",41.038218,-73.782072
11/22/18,1516,11/22/18 15:16,TARRYTOWN RD,HILLSIDE AVE,2018011174,"TARRYTOWN RD AND HILLSIDE AVE, Greenburgh, NY",41.0495361,-73.8099285
12/4/18,1150,12/4/18 11:50,TARRYTOWN RD,HILLSIDE AVE,2018011539,"TARRYTOWN RD AND HILLSIDE AVE, Greenburgh, NY",41.0495361,-73.8099285
12/8/18,1107,12/8/18 11:07,TARRYTOWN RD,,2018011671,"TARRYTOWN RD, Greenburgh, NY",41.038218,-73.782072
11/12/18,1000,11/12/18 10:00,WALBROOKE RD,,2018010799,"WALBROOKE RD, Greenburgh, NY",40.995388,-73.81001
11/12/18,1240,11/12/18 12:40,JACKSON AVE,,2018010804,"JACKSON AVE, Greenburgh, NY",40.986792,-73.836019
8/3/18,1216,8/3/18 12:16,W HARTSDALE AVE,,2018007460,"W HARTSDALE AVE, Greenburgh, NY",41.026784,-73.807664
8/27/18,1730,8/27/18 17:30,18 N CENTRAL AV,,2018008211,"18 N CENTRAL AV, Greenburgh, NY",41.0776895,-73.858657
10/1/18,1448,10/1/18 14:48,LYNWOOD RD,,2018009322,"LYNWOOD RD, Greenburgh, NY",40.9889982,-73.8113158
8/26/18,1520,8/26/18 15:20,111 WOOD AV,,2018008170,"111 WOOD AV, Greenburgh, NY",41.0293899636164,-73.8339606942928
10/25/18,1709,10/25/18 17:09,JACKSON AVE,,2018010202,"JACKSON AVE, Greenburgh, NY",40.986792,-73.836019
11/21/18,1800,11/21/18 18:00,TARRYTOWN RD,,2018011149,"TARRYTOWN RD, Greenburgh, NY",41.038218,-73.782072
12/13/18,1617,12/13/18 16:17,S CENTRAL AVE,,2018011837,"S CENTRAL AVE, Greenburgh, NY",41.015,-73.803182
8/26/18,1520,8/26/18 15:20,111 WOOD AV,,2018008170,"111 WOOD AV, Greenburgh, NY",41.0293899636164,-73.8339606942928
9/24/18,1830,9/24/18 18:30,S. CENTRAL AVE,,2018009093,"S. CENTRAL AVE, Greenburgh, NY",41.015,-73.803182
12/5/18,1510,12/5/18 15:10,ROUND HILL RD,,2018011577,"ROUND HILL RD, Greenburgh, NY",40.999315,-73.810276
12/26/18,1810,12/26/18 18:10,CENTRAL AVE,,2018012252,"CENTRAL AVE, Greenburgh, NY",41.0779345,-73.8607943
12/28/18,1500,12/28/18 15:00,JACKSON AVE,,2018012316,"JACKSON AVE, Greenburgh, NY",40.986792,-73.836019
8/1/18,1430,8/1/18 14:30,KNOLLWOOD RD,,2018007398,"KNOLLWOOD RD, Greenburgh, NY",41.0456548,-73.8047319
8/27/18,1242,8/27/18 12:42,TARRYTOWN RD,,2018008199,"TARRYTOWN RD, Greenburgh, NY",41.038218,-73.782072
9/20/18,2149,9/20/18 21:49,AQUEDUCT RD,,20188972,"AQUEDUCT RD, Greenburgh, NY",41.0112434,-73.7959369
10/2/18,1950,10/2/18 19:50,NORTH RD,,2018009363,"NORTH RD, Greenburgh, NY",41.0544326,-73.7834609
10/17/18,1746,10/17/18 17:46,TARRYTOWN RD,,2018009882,"TARRYTOWN RD, Greenburgh, NY",41.038218,-73.782072
10/18/18,1253,10/18/18 12:53,50 TARRYTOWN RD,,2018009906,"50 TARRYTOWN RD, Greenburgh, NY",41.045335,-73.803868
11/15/18,1331,11/15/18 13:31,670 WHITE PLAINS RD,,2018010888,"670 WHITE PLAINS RD, Greenburgh, NY",41.0594236,-73.8293423
9/21/18,1533,9/21/18 15:33,TARRYTOWN RD,HILLSIDE AVE,2018008995,"TARRYTOWN RD AND HILLSIDE AVE, Greenburgh, NY",41.0495361,-73.8099285
10/6/18,955,10/6/18 9:55,TARRYTOWN RD,HILLSIDE AVE,2018009505,"TARRYTOWN RD AND HILLSIDE AVE, Greenburgh, NY",41.0495361,-73.8099285
10/25/18,942,10/25/18 9:42,GRASSLANDS RD,,2018010176,"GRASSLANDS RD, Greenburgh, NY",41.070303,-73.78745
10/30/18,700,10/30/18 7:00,2260 SAW MILL RIVER RD,,2018010361,"2260 SAW MILL RIVER RD, Greenburgh, NY",41.0450883732556,-73.8238768004403
11/6/18,1720,11/6/18 17:20,OLD SAW MILL RIVER RD,,2018010604,"OLD SAW MILL RIVER RD, Greenburgh, NY",41.0735826,-73.8176604
11/26/18,815,11/26/18 8:15,SAW MILL RIVER RD,,2018011279,"SAW MILL RIVER RD, Greenburgh, NY",41.0115345,-73.8483435
11/27/18,805,11/27/18 8:05,SAW MILL RIVER ROAD,,2018011322,"SAW MILL RIVER ROAD, Greenburgh, NY",41.0115345,-73.8483435
12/19/18,1650,12/19/18 16:50,SAW MILL RIVER ROAD,,2018012028,"SAW MILL RIVER ROAD, Greenburgh, NY",41.0115345,-73.8483435
12/22/18,1643,12/22/18 16:43,TARRYTOWN RD,,2018012143,"TARRYTOWN RD, Greenburgh, NY",41.038218,-73.782072
11/6/18,1645,11/6/18 16:45,TARRYTOWN RD,,2018010602,"TARRYTOWN RD, Greenburgh, NY",41.038218,-73.782072
8/22/18,918,8/22/18 9:18,ARDSLEY RD,SCARSDALE RD,2018008034,"ARDSLEY RD AND SCARSDALE RD, Greenburgh, NY",40.9889712,-73.8106127
8/24/18,1626,8/24/18 16:26,WHITE PLAINS RD,,2018008120,"WHITE PLAINS RD, Greenburgh, NY",41.0594236,-73.8293423
10/5/18,2000,10/5/18 20:00,SPRAIN VALLEY RD,,2018009484,"SPRAIN VALLEY RD, Greenburgh, NY",40.993408,-73.834602
10/18/18,1705,10/18/18 17:05,65 S CENTRAL AVE,,2018009920,"65 S CENTRAL AVE, Greenburgh, NY",41.0778975102041,-73.8583953061224
11/6/18,825,11/6/18 8:25,BILTOM RD,,2018010576,"BILTOM RD, Greenburgh, NY",41.043224,-73.833
11/7/18,1333,11/7/18 13:33,SAW MILL RIVER RD,,2018010640,"SAW MILL RIVER RD, Greenburgh, NY",41.0115345,-73.8483435
11/25/18,1356,11/25/18 13:56,DUELL RD,,2018011257,"DUELL RD, Greenburgh, NY",41.046157,-73.779368
9/6/18,1745,9/6/18 17:45,S. CENTRAL AVE,,2018008549,"S. CENTRAL AVE, Greenburgh, NY",41.015,-73.803182
9/26/18,830,9/26/18 8:30,DURHAM ROAD,,2018009151,"DURHAM ROAD, Greenburgh, NY",41.04629,-73.817847
10/7/18,1535,10/7/18 15:35,17 N CENTRAL AVE,,2018009546,"17 N CENTRAL AVE, Greenburgh, NY",41.077663877551,-73.8584423265306
9/12/18,1715,9/12/18 17:15,WHITE PLAINS RD,,2018008702,"WHITE PLAINS RD, Greenburgh, NY",41.0594236,-73.8293423
11/21/18,1800,11/21/18 18:00,TARRYTOWN RD,,2018011144,"TARRYTOWN RD, Greenburgh, NY",41.038218,-73.782072
12/26/18,925,12/26/18 9:25,TARRYTOWN RD,,2018012243,"TARRYTOWN RD, Greenburgh, NY",41.038218,-73.782072
1/10/18,1618,1/10/18 16:18,KNOLLWOOD RD,,2018000339,"KNOLLWOOD RD, Greenburgh, NY",41.0456548,-73.8047319
1/17/18,1555,1/17/18 15:55,182 SAW MILL RIVER RD,,2018000587,"182 SAW MILL RIVER RD, Greenburgh, NY",41.0703441935484,-73.8167020241935
1/31/18,1912,1/31/18 19:12,RIDGE RD,,2018001092,"RIDGE RD, Greenburgh, NY",41.007754,-73.848869
2/12/18,1220,2/12/18 12:20,TARRYTOWN RD,,2018001439,"TARRYTOWN RD, Greenburgh, NY",41.038218,-73.782072
3/2/18,839,3/2/18 8:39,KNOLLWOOD RD,,2018002063,"KNOLLWOOD RD, Greenburgh, NY",41.0456548,-73.8047319
4/4/18,1651,4/4/18 16:51,ARDSLEY RD,,2018003228,"ARDSLEY RD, Greenburgh, NY",40.9904958,-73.8120405
4/9/18,1120,4/9/18 11:20,KNOLLWOOD RD,I-287,2018003372,"KNOLLWOOD RD AND I-287, Greenburgh, NY",41.058608,-73.805752
4/19/18,1540,4/19/18 15:40,TARRYTOWN RD,,2018003733,"TARRYTOWN RD, Greenburgh, NY",41.038218,-73.782072
5/1/18,1005,5/1/18 10:05,S CENTRAL AV,,2018004128,"S CENTRAL AV, Greenburgh, NY",41.015,-73.803182
5/15/18,2021,5/15/18 20:21,S CENTRAL AV,,2018004713,"S CENTRAL AV, Greenburgh, NY",41.015,-73.803182
5/23/18,1345,5/23/18 13:45,SAW MILL RIVER RD,,2018004973,"SAW MILL RIVER RD, Greenburgh, NY",41.0115345,-73.8483435
5/25/18,1914,5/25/18 19:14,150 CLEARBROOK RD,,2018005063,"150 CLEARBROOK RD, Greenburgh, NY",41.072826,-73.814058
6/8/18,1300,6/8/18 13:00,S CENTRAL AV,,2018005539,"S CENTRAL AV, Greenburgh, NY",41.015,-73.803182
6/19/18,2004,6/19/18 20:04,KNOLLWOOD RD,,2018005935,"KNOLLWOOD RD, Greenburgh, NY",41.0456548,-73.8047319
6/26/18,1533,6/26/18 15:33,SAW MILL RIVER RD,,2018006175,"SAW MILL RIVER RD, Greenburgh, NY",41.0115345,-73.8483435
7/25/18,831,7/25/18 8:31,E HARTSDALE AV,,2018007145,"E HARTSDALE AV, Greenburgh, NY",41.0114855,-73.7961129
10/4/18,1225,10/4/18 12:25,SAW MILL RIVER RD,,2018009429,"SAW MILL RIVER RD, Greenburgh, NY",41.0115345,-73.8483435
8/30/18,614,8/30/18 6:14,E HARTSDALE AV,,2018008298,"E HARTSDALE AV, Greenburgh, NY",41.0114855,-73.7961129
11/25/18,1305,11/25/18 13:05,LAWRENCE DR,,2018011256,"LAWRENCE DR, Greenburgh, NY",41.063364,-73.779156
11/27/18,1846,11/27/18 18:46,MT JOY AV,,2018011352,"MT JOY AV, Greenburgh, NY",40.996192,-73.815986
9/26/18,1213,9/26/18 12:13,S CENTRAL AVE,,2018009166,"S CENTRAL AVE, Greenburgh, NY",41.015,-73.803182
11/11/18,1318,11/11/18 13:18,S.CENTRAL AV,,2018010778,"S.CENTRAL AV, Greenburgh, NY",41.015,-73.803182
12/26/18,1600,12/26/18 16:00,CENTRAL AVE,,2018012248,"CENTRAL AVE, Greenburgh, NY",41.0779345,-73.8607943
8/30/18,752,8/30/18 7:52,TARRYTOWN RD,HILLSIDE AVE,2018008300,"TARRYTOWN RD AND HILLSIDE AVE, Greenburgh, NY",41.0495361,-73.8099285
8/21/18,1145,8/21/18 11:45,W HARTSDALE AVE,,2018008008,"W HARTSDALE AVE, Greenburgh, NY",41.026784,-73.807664
9/16/18,1218,9/16/18 12:18,S CENTRAL AVE,,2018008825,"S CENTRAL AVE, Greenburgh, NY",41.015,-73.803182
12/21/18,1519,12/21/18 15:19,668 S CENTRAL AVE,,2018012105,"668 S CENTRAL AVE, Greenburgh, NY",41.015,-73.803182
7/3/18,1330,7/3/18 13:30,ARDSLEY RD,,2018006439,"ARDSLEY RD, Greenburgh, NY",40.9904958,-73.8120405
1/2/18,1738,1/2/18 17:38,TARRYTOWN RD,208 TARRYTOWN RD,2018000061,"TARRYTOWN RD AND 208 TARRYTOWN RD, Greenburgh, NY",41.0397203,-73.7853708
1/4/18,1929,1/4/18 19:29,ROGERS AV,,2018000140,"ROGERS AV, Greenburgh, NY",41.03535,-73.810902
1/21/18,1419,1/21/18 14:19,278 S CENTRAL AV,,2018000728,"278 S CENTRAL AV, Greenburgh, NY",41.012651885906,-73.8055844362416
1/27/18,1544,1/27/18 15:44,TARRYTOWN RD,,2018000938,"TARRYTOWN RD, Greenburgh, NY",41.038218,-73.782072
2/1/18,1501,2/1/18 15:01,KNOLLWOOD,,2018001117,"KNOLLWOOD, Greenburgh, NY",41.0456548,-73.8047319
2/7/18,813,2/7/18 8:13,CLAYTON RD,MOORLAND DR,2018001283,"CLAYTON RD AND MOORLAND DR, Greenburgh, NY",41.002906,-73.82023
2/10/18,1414,2/10/18 14:14,S CENTRAL AV,,2018001401,"S CENTRAL AV, Greenburgh, NY",41.015,-73.803182
2/13/18,1310,2/13/18 13:10,COUNTY CENTER RD,,2018001472,"COUNTY CENTER RD, Greenburgh, NY",41.0394506,-73.7811247
2/22/18,1356,2/22/18 13:56,368 S CENTRAL AV,,2018001783,"368 S CENTRAL AV, Greenburgh, NY",41.0114415689647,-73.8068829060955
2/23/18,1249,2/23/18 12:49,1 WAREHOUSE LN,,2018001816,"1 WAREHOUSE LN, Greenburgh, NY",41.063585,-73.818851
2/23/18,1533,2/23/18 15:33,OLD TARRYTOWN RD,,2018001824,"OLD TARRYTOWN RD, Greenburgh, NY",41.052261,-73.801704
2/26/18,1600,2/26/18 16:00,S CENTRAL AV,,2018001925,"S CENTRAL AV, Greenburgh, NY",41.015,-73.803182
3/1/18,1810,3/1/18 18:10,TARRYTOWN RD,,2018002047,"TARRYTOWN RD, Greenburgh, NY",41.038218,-73.782072
3/6/18,800,3/6/18 8:00,SAW MILL RIVER RD,,2018002213,"SAW MILL RIVER RD, Greenburgh, NY",41.0115345,-73.8483435
3/10/18,1719,3/10/18 17:19,ARDSLEY RD,,2018002377,"ARDSLEY RD, Greenburgh, NY",40.9904958,-73.8120405
3/11/18,2152,3/11/18 21:52,KNOLLWOOD RD,I-287,2018002403,"KNOLLWOOD RD AND I-287, Greenburgh, NY",41.058608,-73.805752
3/15/18,752,3/15/18 7:52,KNOLLWOOD RD,,2018002528,"KNOLLWOOD RD, Greenburgh, NY",41.0456548,-73.8047319
3/21/18,1420,3/21/18 14:20,S SPRAIN RD,,2018002774,"S SPRAIN RD, Greenburgh, NY",40.995854,-73.841711
3/23/18,1233,3/23/18 12:33,188 TARRYTOWN RD,,2018002853,"188 TARRYTOWN RD, Greenburgh, NY",41.0502167222222,-73.8110577222222
4/8/18,1414,4/8/18 14:14,870 S CENTRAL AV,,2018003336,"870 S CENTRAL AV, Greenburgh, NY",41.015,-73.803182
4/16/18,1432,4/16/18 14:32,S CENTRAL AV,,2018003621,"S CENTRAL AV, Greenburgh, NY",41.015,-73.803182
4/17/18,759,4/17/18 7:59,314 ARDSLEY RD,,2018003648,"314 ARDSLEY RD, Greenburgh, NY",40.9889712,-73.8106127
4/30/18,1534,4/30/18 15:34,KNOLLWOOD RD,,2018004104,"KNOLLWOOD RD, Greenburgh, NY",41.0456548,-73.8047319
5/4/18,1727,5/4/18 17:27,208 TARRYTOWN RD,,2018004265,"208 TARRYTOWN RD, Greenburgh, NY",41.0497778796156,-73.8104386916095
5/5/18,1705,5/5/18 17:05,S CENTRAL AV,,2018004306,"S CENTRAL AV, Greenburgh, NY",41.015,-73.803182
5/9/18,1655,5/9/18 16:55,ARDSLEY RD,SCARSDALE RD,2018004482,"ARDSLEY RD AND SCARSDALE RD, Greenburgh, NY",40.9889712,-73.8106127
5/13/18,1820,5/13/18 18:20,S CENTRAL AV,,2018004622,"S CENTRAL AV, Greenburgh, NY",41.015,-73.803182
5/20/18,1850,5/20/18 18:50,S CENTRAL AV,,2018004874,"S CENTRAL AV, Greenburgh, NY",41.015,-73.803182
5/25/18,1232,5/25/18 12:32,85 MERCER AV,,2018005037,"85 MERCER AV, Greenburgh, NY",41.0181053558319,-73.7913793852615
6/4/18,800,6/4/18 8:00,SAW MILL RIVER RD,,2018005388,"SAW MILL RIVER RD, Greenburgh, NY",41.0115345,-73.8483435
6/6/18,1106,6/6/18 11:06,455 S CENTRAL AV,,2018005460,"455 S CENTRAL AV, Greenburgh, NY",41.015,-73.803182
6/9/18,1411,6/9/18 14:11,TARRYTOWN RD,208 TARRYTOWN RD,2018005571,"TARRYTOWN RD AND 208 TARRYTOWN RD, Greenburgh, NY",41.0397203,-73.7853708
6/11/18,1505,6/11/18 15:05,OLD SAW MILL RIVER RD,,2018005645,"OLD SAW MILL RIVER RD, Greenburgh, NY",41.0735826,-73.8176604
6/15/18,1602,6/15/18 16:02,TARRYTOWN RD,,2018005784,"TARRYTOWN RD, Greenburgh, NY",41.038218,-73.782072
6/16/18,2022,6/16/18 20:22,MANITOU TRL,,2018005823,"MANITOU TRL, Greenburgh, NY",41.052141,-73.780226
6/18/18,1714,6/18/18 17:14,SHIRLEY LN,,2018005897,"SHIRLEY LN, Greenburgh, NY",41.044206,-73.81117
6/18/18,2205,6/18/18 22:05,WHITE PLAINS RD,287,2018005907,"WHITE PLAINS RD AND 287, Greenburgh, NY",41.0634195333333,-73.8443632666667
6/22/18,1244,6/22/18 12:44,RIDGE RD,,2018006029,"RIDGE RD, Greenburgh, NY",41.007754,-73.848869
6/29/18,2306,6/29/18 23:06,COLUMBIA AV,,2018006309,"COLUMBIA AV, Greenburgh, NY",41.021268,-73.793195
7/17/18,1225,7/17/18 12:25,JACKSON AV,,2018006934,"JACKSON AV, Greenburgh, NY",40.986792,-73.836019
7/26/18,1600,7/26/18 16:00,969 S CENTRAL AV,,2018007206,"969 S CENTRAL AV, Greenburgh, NY",41.015,-73.803182
11/19/18,107,11/19/18 1:07,N CENTRAL AVE,,2018011037,"N CENTRAL AVE, Greenburgh, NY",41.0578264,-73.8169616
11/20/18,1800,11/20/18 18:00,VIRGINIA RD,,2018011112,"VIRGINIA RD, Greenburgh, NY",41.0609277,-73.7729742
12/5/18,1137,12/5/18 11:37,CENTRAL AVE,,2018011568,"CENTRAL AVE, Greenburgh, NY",41.0779345,-73.8607943
12/21/18,1603,12/21/18 16:03,177 S CENTRAL AV,,2018012106,"177 S CENTRAL AV, Greenburgh, NY",41.0124539530201,-73.8057976208054
9/7/18,820,9/7/18 8:20,OLD ARMY RD,,2018008567,"OLD ARMY RD, Greenburgh, NY",40.986781,-73.815935
11/2/18,755,11/2/18 7:55,W. HARTSDALE AVE,,2018010451,"W. HARTSDALE AVE, Greenburgh, NY",41.026784,-73.807664
8/1/18,1128,8/1/18 11:28,KNOLLWOOD RD,RTE 287,2018007393,"KNOLLWOOD RD AND RTE 287, Greenburgh, NY",41.04233,-73.805457
8/4/18,30,8/4/18 3:30,216 WARREN AVE,,2018007482,"216 WARREN AVE, Greenburgh, NY",41.0486342,-73.7955654
8/21/18,1415,8/21/18 14:15,HILLSIDE AVE,SOUTH RD,2018008015,"HILLSIDE AVE AND SOUTH RD, Greenburgh, NY",41.0428354,-73.7907254
10/10/18,1806,10/10/18 18:06,407 TARRYTOWN RD,,2018009647,"407 TARRYTOWN RD, Greenburgh, NY",41.0448103557047,-73.8039693288591
10/20/18,1840,10/20/18 18:40,TARRYTOWN RD,,2018010008,"TARRYTOWN RD, Greenburgh, NY",41.038218,-73.782072
10/26/18,1845,10/26/18 18:45,TARRYTOWN RD,330 TARRYTOWN RD,2018010255,"TARRYTOWN RD AND 330 TARRYTOWN RD, Greenburgh, NY",41.0397203,-73.7853708
11/2/18,1700,11/2/18 17:00,OLD  TARRYTOWN,,2018010470,"OLD  TARRYTOWN, Greenburgh, NY",41.0762077,-73.8587461
11/5/18,1310,11/5/18 13:10,SAW MILL RIVER RD,,2018010551,"SAW MILL RIVER RD, Greenburgh, NY",41.0115345,-73.8483435
12/28/18,1704,12/28/18 17:04,TARRYTOWN RD,HILLSIDE AVE,2018012321,"TARRYTOWN RD AND HILLSIDE AVE, Greenburgh, NY",41.0495361,-73.8099285
7/30/18,1455,7/30/18 14:55,376 SAW MILL RIVER RD,,20187331,"376 SAW MILL RIVER RD, Greenburgh, NY",41.0701924354839,-73.8169801169355
8/3/18,1257,8/3/18 12:57,700 EXECUTIVE BLVD,,2018007463,"700 EXECUTIVE BLVD, Greenburgh, NY",41.070134,-73.807413
8/8/18,1313,8/8/18 13:13,SAW MILL RIVER RD,,2018007599,"SAW MILL RIVER RD, Greenburgh, NY",41.0115345,-73.8483435
9/26/18,1520,9/26/18 15:20,SAW MILL RIVER RD,,2018009171,"SAW MILL RIVER RD, Greenburgh, NY",41.0115345,-73.8483435
11/3/18,1040,11/3/18 10:40,KNOLLWOOD RD,I-287,2018010487,"KNOLLWOOD RD AND I-287, Greenburgh, NY",41.058608,-73.805752
11/7/18,915,11/7/18 9:15,SAW MILL RIVER RD,,2018010621,"SAW MILL RIVER RD, Greenburgh, NY",41.0115345,-73.8483435
11/30/18,1446,11/30/18 14:46,CABOT AVE,,2018011443,"CABOT AVE, Greenburgh, NY",41.060802,-73.81073
12/23/18,1250,12/23/18 12:50,GRASSLANDS RD,,2018012163,"GRASSLANDS RD, Greenburgh, NY",41.070303,-73.78745
9/15/18,1230,9/15/18 12:30,DOBBS FERRY ROAD,,2018008795,"DOBBS FERRY ROAD, Greenburgh, NY",41.040168,-73.79753
10/27/18,1425,10/27/18 14:25,EASTERN ROAD,,20180010282,"EASTERN ROAD, Greenburgh, NY",41.025585,-73.83144
8/24/18,1707,8/24/18 17:07,S CENTRAL AVE,,2018008121,"S CENTRAL AVE, Greenburgh, NY",41.015,-73.803182
12/12/18,1159,12/12/18 11:59,S CENTRAL AVE,,2018011812,"S CENTRAL AVE, Greenburgh, NY",41.015,-73.803182
6/7/18,1636,6/7/18 16:36,HILLSIDE AV,,2018005512,"HILLSIDE AV, Greenburgh, NY",41.0452952,-73.790382
7/26/18,1315,7/26/18 13:15,TARRYTOWN RD,,2018007197,"TARRYTOWN RD, Greenburgh, NY",41.038218,-73.782072
8/24/18,1740,8/24/18 17:40,100 CLEARBROOK RD,,2018008124,"100 CLEARBROOK RD, Greenburgh, NY",41.072826,-73.814058
6/25/18,748,6/25/18 7:48,WAREHOUSE LN,,2018006114,"WAREHOUSE LN, Greenburgh, NY",41.063688,-73.816975
7/9/18,1536,7/9/18 15:36,W HARTSDALE AV,,2018006647,"W HARTSDALE AV, Greenburgh, NY",41.026784,-73.807664
9/15/18,1233,9/15/18 12:33,S.CENTRAL AV,,2018008796,"S.CENTRAL AV, Greenburgh, NY",41.015,-73.803182
8/11/18,602,8/11/18 6:02,150 CLEARBROOK RD,,2018007699,"150 CLEARBROOK RD, Greenburgh, NY",41.072826,-73.814058
1/13/18,1113,1/13/18 11:13,168 HILLSIDE AV,,2018000456,"168 HILLSIDE AV, Greenburgh, NY",41.0482365510204,-73.7900862653061
1/16/18,1400,1/16/18 14:00,GRANADA CRES,,2018000556,"GRANADA CRES, Greenburgh, NY",41.052686,-73.791134
2/17/18,1920,2/17/18 19:20,FORT HILL RD,,2018001645,"FORT HILL RD, Greenburgh, NY",41.000174,-73.81778
8/1/18,2124,8/1/18 21:24,KNOLLWOOD RD,,2018007414,"KNOLLWOOD RD, Greenburgh, NY",41.0456548,-73.8047319
9/18/18,1011,9/18/18 10:11,SAW MILL RIVER RD,,2018008879,"SAW MILL RIVER RD, Greenburgh, NY",41.0115345,-73.8483435
10/27/18,501,10/27/18 5:01,JACKSON AV,,2018010271,"JACKSON AV, Greenburgh, NY",40.986792,-73.836019
8/22/18,2307,8/22/18 23:07,9 STADIUM RD,,2018008067,"9 STADIUM RD, Greenburgh, NY",41.041314,-73.8072059
9/9/18,1234,9/9/18 12:34,N CENTRAL AVE,,2018008631,"N CENTRAL AVE, Greenburgh, NY",41.0578264,-73.8169616
1/4/18,1900,1/4/18 19:00,SPRAIN RD,,2018000156,"SPRAIN RD, Greenburgh, NY",40.995854,-73.841711
1/17/18,1633,1/17/18 16:33,N WASHINGTON AV,,2018000590,"N WASHINGTON AV, Greenburgh, NY",41.0202978,-73.799335
1/24/18,1445,1/24/18 14:45,FULTON ST,,2018000831,"FULTON ST, Greenburgh, NY",41.033109,-73.787481
3/7/18,2130,3/7/18 21:30,SPRAIN RD,,2018002279,"SPRAIN RD, Greenburgh, NY",40.995854,-73.841711
3/21/18,1430,3/21/18 14:30,OLD KENSICO RD,,2018002773,"OLD KENSICO RD, Greenburgh, NY",41.0465663,-73.7755775
4/9/18,828,4/9/18 8:28,COLUMBIA AV,,2018003362,"COLUMBIA AV, Greenburgh, NY",41.021268,-73.793195
5/2/18,1511,5/2/18 15:11,SPRAIN RD,ARDSLEY RD,2018004177,"SPRAIN RD AND ARDSLEY RD, Greenburgh, NY",40.995854,-73.841711
5/22/18,1512,5/22/18 15:12,NEPPERHAN AV,,2018004941,"NEPPERHAN AV, Greenburgh, NY",41.0568233,-73.8188069
5/31/18,1828,5/31/18 18:28,UNDERHILL RD,,2018005280,"UNDERHILL RD, Greenburgh, NY",41.0017647,-73.8144209
7/9/18,1405,7/9/18 14:05,HILLSIDE AV,,2018006642,"HILLSIDE AV, Greenburgh, NY",41.0452952,-73.790382
11/22/18,426,11/22/18 4:26,JACKSON AVE.,,2018011164,"JACKSON AVE., Greenburgh, NY",40.986792,-73.836019
11/15/18,1530,11/15/18 15:30,OLD COLONY RD,,2018010943,"OLD COLONY RD, Greenburgh, NY",41.006359,-73.80137
10/21/18,1159,10/21/18 11:59,CHESTNUT ST,,2018010030,"CHESTNUT ST, Greenburgh, NY",41.014083,-73.8761641
11/15/18,1539,11/15/18 15:39,S CENTRAL AVE,,2018010892,"S CENTRAL AVE, Greenburgh, NY",41.015,-73.803182
10/11/18,1021,10/11/18 10:21,STONELEIGH CLOSE,,2018009667,"STONELEIGH CLOSE, Greenburgh, NY",41.000551,-73.816806
7/31/18,735,7/31/18 7:35,TERRACE ST,,2018007343,"TERRACE ST, Greenburgh, NY",41.040384,-73.795943
10/27/18,844,10/27/18 8:44,NORTH RD,,2018010275,"NORTH RD, Greenburgh, NY",41.0544326,-73.7834609
12/24/18,1350,12/24/18 13:50,BEECH ST,,2018012198,"BEECH ST, Greenburgh, NY",41.0477,-73.796211
9/28/18,2225,9/28/18 22:25,TAXTER RD,,2018009248,"TAXTER RD, Greenburgh, NY",41.0587471,-73.828686
12/3/18,951,12/3/18 9:51,250 CLEARBROOK RD,,2018011501,"250 CLEARBROOK RD, Greenburgh, NY",41.072826,-73.814058
9/18/18,1956,9/18/18 19:56,320 SAW MILL RIVER RD,,2018008901,"320 SAW MILL RIVER RD, Greenburgh, NY",41.0702362419355,-73.8168998427419
12/14/18,1420,12/14/18 14:20,WAREHOUSE LANE,,2018011874,"WAREHOUSE LANE, Greenburgh, NY",41.063688,-73.816975
10/3/18,1247,10/3/18 12:47,JACKSON AVE,,2018009385,"JACKSON AVE, Greenburgh, NY",40.986792,-73.836019
10/15/18,1722,10/15/18 17:22,WHITTIER ST,,2018009805,"WHITTIER ST, Greenburgh, NY",41.027527,-73.811405
10/17/18,1141,10/17/18 11:41,EVANDALE RD,,2018009867,"EVANDALE RD, Greenburgh, NY",41.003488,-73.822113
9/18/18,819,9/18/18 8:19,KENNETH RD,,2018008876,"KENNETH RD, Greenburgh, NY",41.023551,-73.829334
9/18/18,1834,9/18/18 18:34,RIDGE ROAD,,2018008897,"RIDGE ROAD, Greenburgh, NY",41.007754,-73.848869
10/19/18,1915,10/19/18 19:15,HARTSDALE ROAD,,2018009973,"HARTSDALE ROAD, Greenburgh, NY",41.047604,-73.813013
9/18/18,1834,9/18/18 18:34,RIDGE ROAD,,2018008897,"RIDGE ROAD, Greenburgh, NY",41.007754,-73.848869
11/16/18,1025,11/16/18 10:25,E HARTSDALE AVE,,2018010936,"E HARTSDALE AVE, Greenburgh, NY",41.0114855,-73.7961129
11/19/18,1758,11/19/18 17:58,TARRYTOWN,188 TARRYTOWN RD,2018011079,"TARRYTOWN AND 188 TARRYTOWN RD, Greenburgh, NY",41.0502167222222,-73.8110577222222
12/20/18,1800,12/20/18 18:00,1055 SAW MILL RIVER RD,,2018012061,"1055 SAW MILL RIVER RD, Greenburgh, NY",40.9729713058566,-73.8670544412137
12/22/18,1128,12/22/18 11:28,DOBBS FERRY RD,WORTHINGTON RD,2018012130,"DOBBS FERRY RD AND WORTHINGTON RD, Greenburgh, NY",41.0380371,-73.8182026
7/11/18,1756,7/11/18 17:56,39 FIELDSTONE DR,,2018006730,"39 FIELDSTONE DR, Greenburgh, NY",41.0294541370527,-73.7922037245426
8/11/18,1824,8/11/18 18:24,W HARTSDALE AVE,,2018007723,"W HARTSDALE AVE, Greenburgh, NY",41.026784,-73.807664
8/27/18,1131,8/27/18 11:31,411 S CENTRAL AV,,2018008193,"411 S CENTRAL AV, Greenburgh, NY",41.015,-73.803182
11/21/18,1514,11/21/18 15:14,W HARTSDALE AVE,,2018011140,"W HARTSDALE AVE, Greenburgh, NY",41.026784,-73.807664
12/27/18,952,12/27/18 9:52,89 KNOLLWOOD RD,,2018012263,"89 KNOLLWOOD RD, Greenburgh, NY",41.0487891538462,-73.8027290384615
12/31/18,708,12/31/18 7:08,31 DALEWOOD DR,,2018012379,"31 DALEWOOD DR, Greenburgh, NY",41.027979,-73.794327
7/22/18,1635,7/22/18 16:35,GREENWOOD LN,,2018007063,"GREENWOOD LN, Greenburgh, NY",41.047807,-73.820578
9/15/18,1452,9/15/18 14:52,298 OLD ARMY RD,,2018008798,"298 OLD ARMY RD, Greenburgh, NY",40.986781,-73.815935
10/20/18,1047,10/20/18 10:47,S CENTRAL AVE,,2018009996,"S CENTRAL AVE, Greenburgh, NY",41.015,-73.803182
11/3/18,950,11/3/18 9:50,ARDSLEY RD,,2018010485,"ARDSLEY RD, Greenburgh, NY",40.9904958,-73.8120405
7/24/18,1510,7/24/18 15:10,ARDSLEY RD,,2018007123,"ARDSLEY RD, Greenburgh, NY",40.9904958,-73.8120405
9/23/18,2342,9/23/18 23:42,JACKSON AVE.,,2018009069,"JACKSON AVE., Greenburgh, NY",40.986792,-73.836019
12/3/18,1730,12/3/18 17:30,JACKSON AVE,,2018011519,"JACKSON AVE, Greenburgh, NY",40.986792,-73.836019
12/16/18,1421,12/16/18 14:21,FORT HILL RD,,2018011928,"FORT HILL RD, Greenburgh, NY",41.000174,-73.81778
12/17/18,1518,12/17/18 15:18,50 JACKSON AVE,,2018011963,"50 JACKSON AVE, Greenburgh, NY",40.989149,-73.842621
12/22/18,1000,12/22/18 10:00,JACKSON AVE,,2018012126,"JACKSON AVE, Greenburgh, NY",40.986792,-73.836019
8/9/18,1822,8/9/18 18:22,MANHATTAN AV,,2018007651,"MANHATTAN AV, Greenburgh, NY",41.046023,-73.797024
9/11/18,1354,9/11/18 13:54,GRASSLANDS RD,,2018008687,"GRASSLANDS RD, Greenburgh, NY",41.070303,-73.78745
9/13/18,1906,9/13/18 19:06,DOBBS FERRY RD,,2018008746,"DOBBS FERRY RD, Greenburgh, NY",41.0380371,-73.8182026
9/20/18,2038,9/20/18 20:38,COUNTY CENTER RD,,2018008971,"COUNTY CENTER RD, Greenburgh, NY",41.0394506,-73.7811247
9/25/18,800,9/25/18 8:00,STONE OAKS DR,,2018009100,"STONE OAKS DR, Greenburgh, NY",41.031074,-73.805245
10/26/18,1707,10/26/18 17:07,79 ROSEMONT BLVD,,2018010250,"79 ROSEMONT BLVD, Greenburgh, NY",41.0446736839052,-73.7924973840633
11/12/18,2036,11/12/18 20:36,KNOLLWOOD RD,,2018010821,"KNOLLWOOD RD, Greenburgh, NY",41.0456548,-73.8047319
12/6/18,1424,12/6/18 14:24,KNOLLWOOD RD,I-287,2018011605,"KNOLLWOOD RD AND I-287, Greenburgh, NY",41.058608,-73.805752
12/11/18,1513,12/11/18 15:13,KNOLLWOOD RD,,2018011780,"KNOLLWOOD RD, Greenburgh, NY",41.0456548,-73.8047319
12/29/18,1735,12/29/18 17:35,TARRYTOWN RD,,2018012344,"TARRYTOWN RD, Greenburgh, NY",41.038218,-73.782072
12/29/18,2209,12/29/18 22:09,FLORENCE AVE,,2018012349,"FLORENCE AVE, Greenburgh, NY",41.044037,-73.793855
9/10/18,1444,9/10/18 14:44,SAW MILL RIVER RD,,2018008664,"SAW MILL RIVER RD, Greenburgh, NY",41.0115345,-73.8483435
10/25/18,643,10/25/18 6:43,WHITE PLAINS RD,,2018010171,"WHITE PLAINS RD, Greenburgh, NY",41.0594236,-73.8293423
11/4/18,2145,11/4/18 21:45,TAXTER ROAD,,2018010535,"TAXTER ROAD, Greenburgh, NY",41.0587471,-73.828686
12/1/18,823,12/1/18 8:23,BENEDICT AVE,,2018011455,"BENEDICT AVE, Greenburgh, NY",41.0632158,-73.8372502
12/5/18,2145,12/5/18 21:45,OLD COUNTRY ROAD,,2018011584,"OLD COUNTRY ROAD, Greenburgh, NY",41.065973,-73.810375
7/9/18,820,7/9/18 8:20,DOBBS FERRY RD,,2018006620,"DOBBS FERRY RD, Greenburgh, NY",41.0380371,-73.8182026
10/4/18,1200,10/4/18 12:00,W HARTSDALE AVE,,2018009427,"W HARTSDALE AVE, Greenburgh, NY",41.026784,-73.807664
10/14/18,100,10/14/18 1:00,PENNY LANE,,2018009762,"PENNY LANE, Greenburgh, NY",40.989462,-73.826485
10/23/18,2000,10/23/18 20:00,11 ROBERT LN,,2018010122,"11 ROBERT LN, Greenburgh, NY",41.0460245032885,-73.8089772319135
10/27/18,611,10/27/18 6:11,UNDERHILL RD,,2018010273,"UNDERHILL RD, Greenburgh, NY",41.0017647,-73.8144209
12/7/18,2246,12/7/18 22:46,20 HILLCREST AV,,2018011654,"20 HILLCREST AV, Greenburgh, NY",41.043139,-73.806614
9/25/18,1541,9/25/18 15:41,ARDSLEY RD,,2018009123,"ARDSLEY RD, Greenburgh, NY",40.9904958,-73.8120405
10/26/18,1110,10/26/18 11:10,SPRAIN RD,,2018010230,"SPRAIN RD, Greenburgh, NY",40.995854,-73.841711
11/22/18,1330,11/22/18 13:30,JACKSON AVE,,2018011172,"JACKSON AVE, Greenburgh, NY",40.986792,-73.836019
11/23/18,1951,11/23/18 19:51,JACKSON AVE,,2018011214,"JACKSON AVE, Greenburgh, NY",40.986792,-73.836019
8/13/18,1025,8/13/18 10:25,31 SPRAIN VALLEY RD,,2018007765,"31 SPRAIN VALLEY RD, Greenburgh, NY",40.9911316503339,-73.8354622832501
9/15/18,1734,9/15/18 17:34,TAXTER RD,,2018008802,"TAXTER RD, Greenburgh, NY",41.0587471,-73.828686
10/5/18,1223,10/5/18 12:23,JACKSON AVE,,2018009463,"JACKSON AVE, Greenburgh, NY",40.986792,-73.836019
11/15/18,1550,11/15/18 15:50,KNOLLWOOD  RD,,2018010895,"KNOLLWOOD  RD, Greenburgh, NY",41.0456548,-73.8047319
7/31/18,830,7/31/18 8:30,WAYSIDE DRIVE,,2018007345,"WAYSIDE DRIVE, Greenburgh, NY",41.032921,-73.834154
8/22/18,1409,8/22/18 14:09,TARRYTOWN RD,,2018008043,"TARRYTOWN RD, Greenburgh, NY",41.038218,-73.782072
8/22/18,2330,8/22/18 23:30,SPENCER COURT,,2018008065,"SPENCER COURT, Greenburgh, NY",41.035362,-73.813517
8/24/18,1750,8/24/18 17:50,DOBBS FERRY ROAD,,2018008123,"DOBBS FERRY ROAD, Greenburgh, NY",41.040168,-73.79753
10/3/18,1010,10/3/18 10:10,PINEWOOD RD,,2018009375,"PINEWOOD RD, Greenburgh, NY",41.024374,-73.798337
10/3/18,1001,10/3/18 10:01,PINEWOOD RD,,2018009377,"PINEWOOD RD, Greenburgh, NY",41.024374,-73.798337
10/25/18,1607,10/25/18 16:07,JUNIPER HILL RD,,2018010199,"JUNIPER HILL RD, Greenburgh, NY",41.037633,-73.791842
11/15/18,1535,11/15/18 15:35,S CENTRAL AVE,,2018010891,"S CENTRAL AVE, Greenburgh, NY",41.015,-73.803182
11/10/18,1000,11/10/18 10:00,HARVARD DR,,2018010752,"HARVARD DR, Greenburgh, NY",41.024655,-73.78884
11/24/18,1016,11/24/18 10:16,S CENTRAL AVE,,2018011227,"S CENTRAL AVE, Greenburgh, NY",41.015,-73.803182
11/9/18,1700,11/9/18 17:00,N CENTRAL AVE,,2018010733,"N CENTRAL AVE, Greenburgh, NY",41.0578264,-73.8169616
11/15/18,1550,11/15/18 15:50,KNOLLWOOD  RD,,2018010895,"KNOLLWOOD  RD, Greenburgh, NY",41.0456548,-73.8047319
8/12/18,310,8/12/18 3:10,782 HARTSDALE RD,,2018007731,"782 HARTSDALE RD, Greenburgh, NY",41.047281,-73.811872
11/25/18,2336,11/25/18 23:36,TARRYTOWN RD,NORTH PL,2018011275,"TARRYTOWN RD AND NORTH PL, Greenburgh, NY",41.038218,-73.782072
11/15/18,1550,11/15/18 15:50,KNOLLWOOD  RD,,2018010895,"KNOLLWOOD  RD, Greenburgh, NY",41.0456548,-73.8047319
12/10/18,1721,12/10/18 17:21,JUNIPER HILL ROAD,,2018011747,"JUNIPER HILL ROAD, Greenburgh, NY",41.037633,-73.791842
1/2/19,1028,1/2/19 10:28,S CENTRAL AVE,,2019000031,"S CENTRAL AVE, Greenburgh, NY",41.015,-73.803182
1/2/19,1904,1/2/19 19:04,GRASSLANDS RD,,2019000055,"GRASSLANDS RD, Greenburgh, NY",41.070303,-73.78745
1/2/19,945,1/2/19 9:45,200 OLD TARRYTOWN RD,,2019000030,"200 OLD TARRYTOWN RD, Greenburgh, NY",41.0471494016064,-73.776276313253
1/2/19,722,1/2/19 7:22,SAW MILL RIVER RD,,2019000025,"SAW MILL RIVER RD, Greenburgh, NY",41.0115345,-73.8483435
1/2/19,1530,1/2/19 15:30,COLUMBIA AVE,,2019000047,"COLUMBIA AVE, Greenburgh, NY",41.021268,-73.793195
1/3/19,1340,1/3/19 13:40,SAW MILL RIVER RD,,2019000074,"SAW MILL RIVER RD, Greenburgh, NY",41.0115345,-73.8483435
1/4/19,1639,1/4/19 16:39,610 WHITE PLAINS RD,,2019000116,"610 WHITE PLAINS RD, Greenburgh, NY",41.0629566191853,-73.8385182777732
1/7/19,1635,1/7/19 16:35,215 N CENTRAL AVE,,2019000188,"215 N CENTRAL AVE, Greenburgh, NY",41.0263822005568,-73.7914492577742
1/8/19,800,1/8/19 8:00,BENEDICT AVE,,2019000203,"BENEDICT AVE, Greenburgh, NY",41.0632158,-73.8372502
1/8/19,800,1/8/19 8:00,BENEDICT AVE,,2019000203,"BENEDICT AVE, Greenburgh, NY",41.0632158,-73.8372502
1/8/19,624,1/8/19 6:24,4 E HARTSDALE,,2019000199,"4 E HARTSDALE, Greenburgh, NY",41.0189863,-73.7981884
1/9/19,2113,1/9/19 21:13,TARRYTOWN RD,,2019000267,"TARRYTOWN RD, Greenburgh, NY",41.038218,-73.782072
1/9/19,551,1/9/19 5:51,EXECUTIVE BLVD,,2019000233,"EXECUTIVE BLVD, Greenburgh, NY",41.070134,-73.807413
1/10/19,1007,1/10/19 10:07,324 N CENTRAL AVE,,2019000277,"324 N CENTRAL AVE, Greenburgh, NY",41.0325263465947,-73.786484183412
1/11/19,936,1/11/19 9:36,GREENVALE CIR,,2019000310,"GREENVALE CIR, Greenburgh, NY",41.0404875,-73.7876937
1/11/19,2014,1/11/19 20:14,S CENTRAL AVE,,2019000342,"S CENTRAL AVE, Greenburgh, NY",41.015,-73.803182
1/11/19,1648,1/11/19 16:48,S CENTRAL AVE,,2019000330,"S CENTRAL AVE, Greenburgh, NY",41.015,-73.803182
1/13/19,1306,1/13/19 13:06,540 SAW MILL RIVER RD,,2019000390,"540 SAW MILL RIVER RD, Greenburgh, NY",41.0694807755102,-73.8158912040816
1/14/19,1726,1/14/19 17:26,E HARTSDALE AVE,ROCKLEDGE RD,2019000420,"E HARTSDALE AVE AND ROCKLEDGE RD, Greenburgh, NY",41.0107609,-73.7965313
1/14/19,1700,1/14/19 17:00,SECOR ROAD,,2019000417,"SECOR ROAD, Greenburgh, NY",41.026762,-73.827426
1/16/19,800,1/16/19 8:00,500 W HARTSDALE AVE,,2019000456,"500 W HARTSDALE AVE, Greenburgh, NY",41.03310915,-73.8075316518941
1/16/19,1550,1/16/19 15:50,CENTRAL AVE,,2019000480,"CENTRAL AVE, Greenburgh, NY",41.0779345,-73.8607943
1/16/19,800,1/16/19 8:00,500 W HARTSDALE AVE,,2019000456,"500 W HARTSDALE AVE, Greenburgh, NY",41.03310915,-73.8075316518941
1/16/19,1303,1/16/19 13:03,45 TARRYTOWN RD,,2019000473,"45 TARRYTOWN RD, Greenburgh, NY",41.0453280612245,-73.8038774897959
1/16/19,1930,1/16/19 19:30,FORT HILL RD,,2019000490,"FORT HILL RD, Greenburgh, NY",41.000174,-73.81778
1/17/19,1510,1/17/19 15:10,MOUNTAIN RD,,2019000520,"MOUNTAIN RD, Greenburgh, NY",41.046079,-73.848113
1/17/19,1710,1/17/19 17:10,SECOR ROAD,,2019000525,"SECOR ROAD, Greenburgh, NY",41.026762,-73.827426
1/19/19,1731,1/19/19 17:31,201 TARRYTOWN RD,,2019000583,"201 TARRYTOWN RD, Greenburgh, NY",41.049737,-73.810068
1/19/19,1716,1/19/19 17:16,JACKSON AVE,,2019000582,"JACKSON AVE, Greenburgh, NY",40.986792,-73.836019
1/19/19,2310,1/19/19 23:10,HILLSIDE AVE,,2019000591,"HILLSIDE AVE, Greenburgh, NY",41.0452952,-73.790382
1/21/19,1411,1/21/19 14:11,TARRYTOWN RD.,,2019000636,"TARRYTOWN RD., Greenburgh, NY",41.038218,-73.782072
1/21/19,1411,1/21/19 14:11,TARRYTOWN RD,,2019000635,"TARRYTOWN RD, Greenburgh, NY",41.038218,-73.782072
1/23/19,1050,1/23/19 10:50,JACKSON AVE,,2019000686,"JACKSON AVE, Greenburgh, NY",40.986792,-73.836019
1/23/19,824,1/23/19 8:24,VIRGINIA RD,,2019000682,"VIRGINIA RD, Greenburgh, NY",41.0609277,-73.7729742
1/24/19,1718,1/24/19 17:18,TARRYTOWN RD,,2019000739,"TARRYTOWN RD, Greenburgh, NY",41.038218,-73.782072
1/24/19,1130,1/24/19 11:30,SECOR ROAD,,2019000726,"SECOR ROAD, Greenburgh, NY",41.026762,-73.827426
1/24/19,915,1/24/19 9:15,WHITE PLAINS RD,,2019000718,"WHITE PLAINS RD, Greenburgh, NY",41.0594236,-73.8293423
1/25/19,1821,1/25/19 18:21,JACKSON AVE,,2019000776,"JACKSON AVE, Greenburgh, NY",40.986792,-73.836019
1/25/19,755,1/25/19 7:55,SAW MILL RVR RD,,2019000754,"SAW MILL RVR RD, Greenburgh, NY",41.0115345,-73.8483435
1/27/19,1338,1/27/19 13:38,S CENTRAL AV,,2019000824,"S CENTRAL AV, Greenburgh, NY",41.015,-73.803182
1/28/19,1407,1/28/19 14:07,543 TARRYTOWN RD,,2019000847,"543 TARRYTOWN RD, Greenburgh, NY",41.0449468120805,-73.8041596375839
1/28/19,1300,1/28/19 13:00,S CENTRAL AVE,,2010000845,"S CENTRAL AVE, Greenburgh, NY",41.015,-73.803182
1/28/19,609,1/28/19 6:09,W HARTSDALE AVE,,2019000839,"W HARTSDALE AVE, Greenburgh, NY",41.026784,-73.807664
1/29/19,1900,1/29/19 19:00,CENTRAL AVE,,2019000878,"CENTRAL AVE, Greenburgh, NY",41.0779345,-73.8607943
1/30/19,902,1/30/19 9:02,S CENTRAL AVE,,2019000888,"S CENTRAL AVE, Greenburgh, NY",41.015,-73.803182
2/2/19,1027,2/2/19 10:27,ARDSLEY RD,,2019000981,"ARDSLEY RD, Greenburgh, NY",40.9904958,-73.8120405
2/2/19,1027,2/2/19 10:27,ARDSLEY RD,,2019000981,"ARDSLEY RD, Greenburgh, NY",40.9904958,-73.8120405
2/5/19,1459,2/5/19 14:59,ARDSLEY RD,,2019001083,"ARDSLEY RD, Greenburgh, NY",40.9904958,-73.8120405
2/5/19,1535,2/5/19 15:35,ARDSLEY RD,,2019001086,"ARDSLEY RD, Greenburgh, NY",40.9904958,-73.8120405
2/6/19,1646,2/6/19 16:46,1160 KNOLLWOOD RD,,2019001113,"1160 KNOLLWOOD RD, Greenburgh, NY",41.0456548,-73.8047319
2/6/19,2054,2/6/19 20:54,CENTRAL AVE,,2019001128,"CENTRAL AVE, Greenburgh, NY",41.0779345,-73.8607943
2/7/19,1256,2/7/19 12:56,50 JACKSON AVE,,2019001160,"50 JACKSON AVE, Greenburgh, NY",40.989149,-73.842621
2/7/19,1932,2/7/19 19:32,S CENTRAL AV,,2019001170,"S CENTRAL AV, Greenburgh, NY",41.015,-73.803182
2/8/19,1251,2/8/19 12:51,KNOLLWOOD RD,,2019001192,"KNOLLWOOD RD, Greenburgh, NY",41.0456548,-73.8047319
2/9/19,1039,2/9/19 10:39,TARRYTOWN RD,,2019001214,"TARRYTOWN RD, Greenburgh, NY",41.038218,-73.782072
2/9/19,2112,2/9/19 21:12,S CENTRAL AVE,,2019001232,"S CENTRAL AVE, Greenburgh, NY",41.015,-73.803182
2/12/19,1525,2/12/19 15:25,100 SPRAIN RD,,2019001323,"100 SPRAIN RD, Greenburgh, NY",40.995854,-73.841711
2/13/19,704,2/13/19 7:04,BIRCH HILL RD,,2019001336,"BIRCH HILL RD, Greenburgh, NY",41.0004968,-73.8341001
2/13/19,1810,2/13/19 18:10,SAW MILL RIVER RD,,2019001360,"SAW MILL RIVER RD, Greenburgh, NY",41.0115345,-73.8483435
2/13/19,1700,2/13/19 17:00,GIBSON AVE,,2019001356,"GIBSON AVE, Greenburgh, NY",41.0411646,-73.791023
2/13/19,1824,2/13/19 18:24,S CENTRAL AV,,2019001359,"S CENTRAL AV, Greenburgh, NY",41.015,-73.803182
2/15/19,2015,2/15/19 20:15,SPRAIN RD,,2019001440,"SPRAIN RD, Greenburgh, NY",40.995854,-73.841711
2/16/19,1035,2/16/19 10:35,DOBBS FERRY RD,,2019001443,"DOBBS FERRY RD, Greenburgh, NY",41.0380371,-73.8182026
2/18/19,1641,2/18/19 16:41,268 TARRYTOWN RD,,2019001495,"268 TARRYTOWN RD, Greenburgh, NY",41.0485423759492,-73.8088387639208
2/20/19,1250,2/20/19 12:50,TARRYTOWN RD,,2019001548,"TARRYTOWN RD, Greenburgh, NY",41.038218,-73.782072
2/20/19,1600,2/20/19 16:00,280 SPRAIN RD,,2019001558,"280 SPRAIN RD, Greenburgh, NY",40.995854,-73.841711
2/20/19,1518,2/20/19 15:18,OLD RD,,2019001555,"OLD RD, Greenburgh, NY",41.0514305,-73.811295
2/20/19,1620,2/20/19 16:20,N WASHINGTON AVE,,2019001559,"N WASHINGTON AVE, Greenburgh, NY",41.0202978,-73.799335
2/20/19,1557,2/20/19 15:57,JACKSON AVE,,2019001557,"JACKSON AVE, Greenburgh, NY",40.986792,-73.836019
2/21/19,920,2/21/19 9:20,E HARTSDALE AVE,,2019001576,"E HARTSDALE AVE, Greenburgh, NY",41.0114855,-73.7961129
2/21/19,806,2/21/19 8:06,BENEDICT AVE,,2019001574,"BENEDICT AVE, Greenburgh, NY",41.0632158,-73.8372502
2/21/19,1120,2/21/19 11:20,KNOLLWOOD RD,287 E,2019001578,"KNOLLWOOD RD AND 287 E, Greenburgh, NY",41.0541649860151,-73.8048360735802
2/22/19,1240,2/22/19 12:40,TARRYTOWN ROAD,HILLSIDE AVE,2019001609,"TARRYTOWN ROAD AND HILLSIDE AVE, Greenburgh, NY",41.038218,-73.782072
2/22/19,414,2/22/19 4:14,W HARTSDALE AV,HARTSDALE RD,2019001598,"W HARTSDALE AV AND HARTSDALE RD, Greenburgh, NY",41.023289,-73.801087
2/25/19,1856,2/25/19 18:56,JACKSON AVE,,2019001696,"JACKSON AVE, Greenburgh, NY",40.986792,-73.836019
2/25/19,1653,2/25/19 16:53,TARRYTOWN RD,,2019001691,"TARRYTOWN RD, Greenburgh, NY",41.038218,-73.782072
2/25/19,1856,2/25/19 18:56,JACKSON AVE,,2019001696,"JACKSON AVE, Greenburgh, NY",40.986792,-73.836019
2/26/19,1025,2/26/19 10:25,OLD FARM LN,,2019001711,"OLD FARM LN, Greenburgh, NY",41.020948,-73.817613
2/26/19,732,2/26/19 7:32,OLD SAW MILL RIVER RD,,2019001702,"OLD SAW MILL RIVER RD, Greenburgh, NY",41.0735826,-73.8176604
3/1/19,740,3/1/19 7:40,WATERSIDE DR,,2019001814,"WATERSIDE DR, Greenburgh, NY",41.068597,-73.818106
3/1/19,834,3/1/19 8:34,82 GREENVALE CIR,,2019001815,"82 GREENVALE CIR, Greenburgh, NY",41.0388670179872,-73.7854774646637
3/2/19,541,3/2/19 5:41,6 ANDOVER RD,,2019001854,"6 ANDOVER RD, Greenburgh, NY",41.021005,-73.787789
3/2/19,541,3/2/19 5:41,4 ANDOVER RD,,2019001854,"4 ANDOVER RD, Greenburgh, NY",41.022363,-73.785582
3/4/19,931,3/4/19 9:31,HILLSIDE AVE,,2019001899,"HILLSIDE AVE, Greenburgh, NY",41.0452952,-73.790382
3/5/19,1232,3/5/19 12:32,S CENTRAL AVE,,2019001936,"S CENTRAL AVE, Greenburgh, NY",41.015,-73.803182
3/5/19,1505,3/5/19 15:05,ROSEMONT BLVD,,2019001945,"ROSEMONT BLVD, Greenburgh, NY",41.043663,-73.792818
3/5/19,2124,3/5/19 21:24,14 TOMAHAWK,,2019001954,"14 TOMAHAWK, Greenburgh, NY",41.0517832052068,-73.7868646883854
3/6/19,855,3/6/19 8:55,OLD COUNTRY RD,,2019001961,"OLD COUNTRY RD, Greenburgh, NY",41.065973,-73.810375
3/6/19,1700,3/6/19 17:00,OLD COUNTRY RD,,2019001974,"OLD COUNTRY RD, Greenburgh, NY",41.065973,-73.810375
3/6/19,945,3/6/19 9:45,S CENTRAL AVE,,2019001963,"S CENTRAL AVE, Greenburgh, NY",41.015,-73.803182
3/10/19,1914,3/10/19 19:14,S CENTRAL AVE,,2019002098,"S CENTRAL AVE, Greenburgh, NY",41.015,-73.803182
